<,d,i,v, ,c,l,a,s,s,=,"""",p,o,s,t,_,t,e,x,t,"""", ,i,d,=,"""",e,n,d,T,e,x,t,"""", ,s,t,y,l,e,=,"""",b,o,r,d,e,r,-,t,o,p,:,1,p,x, ,s,o,l,i,d, ,#,d,d,d,;,"""",>,"
", , , , , , , , , , , , , , , , , , , , , , , , , , , , , , , , ,<,p, ,c,l,a,s,s,=,"""",o,t,i,t,l,e,"""",>,"
", , , , , , , , , , , , , , , , , , , , ,（,原,标,题,：,无,印,良,品,（,上,海,）,因,商,品,标,注,原,产,国,台,湾,被,罚,2,0,万,）,"
", , , , , , , , , , , , , , , , ,<,/,p,>,"
", , , , , , , , , , , , , , , , , , , , , , , , , , , , , , , , ,<,p, ,c,l,a,s,s,=,"""",f,_,c,e,n,t,e,r,"""",>,<,i,m,g, ,a,l,t,=,"""",无,印,良,品,商,品,标,注,原,产,国,台,湾, ,被,工,商,局,罚,2,0,万,元,"""", ,s,r,c,=,"""",h,t,t,p,:,/,/,c,r,a,w,l,.,n,o,s,d,n,.,1,2,7,.,n,e,t,/,c,e,3,2,8,d,9,c,c,c,7,f,5,1,1,1,d,c,9,f,8,8,d,0,4,c,8,f,6,9,4,8,.,j,p,g,"""", ,w,i,d,t,h,=,"""",1,0,0,%,"""", ,s,t,y,l,e,=,"""",m,a,r,g,i,n,:, ,0,p,x, ,a,u,t,o,;, ,d,i,s,p,l,a,y,:, ,b,l,o,c,k,;,"""",/,>,微,博,@,中,国,工,商,报, ,图,<,/,p,>,<,p,>,@,中,国,工,商,报, ,官,方,微,博,5,月,2,3,日,消,息,，,4,月,2,日,，,无,印,良,品,（,上,海,）,商,业,有,限,公,司,因,未,妥,善,履,行,进,货,查,验,义,务,，,销,售,错,误,标,注,原,产,国,台,湾,的,商,品,，,被,上,海,市,工,商,局,检,查,总,队,罚,款,2,0,万,元,。,<,/,p,>,<,p,>,<,!,-,-, ,A,D,2,0,0,x,3,0,0,_,2, ,-,-,>,"
",<,/,p,>,<,d,i,v, ,c,l,a,s,s,=,"""",g,g,2,0,0,x,3,0,0,"""",>,"
",<,d,i,v, ,c,l,a,s,s,=,"""",a,t,_,i,t,e,m, ,r,i,g,h,t,_,a,d,_,i,t,e,m,"""", ,a,d,t,y,p,e,=,"""",r,i,g,h,t,A,d,"""", ,r,e,q,u,e,s,t,u,r,l,=,"""",h,t,t,p,s,:,/,/,n,e,x,.,1,6,3,.,c,o,m,/,q,?,a,p,p,=,7,B,E,0,F,C,8,2,&,c,=,n,e,w,s,&,l,=,1,3,3,&,s,i,t,e,=,n,e,t,e,a,s,e,&,a,f,f,i,l,i,a,t,e,=,n,e,w,s,&,c,a,t,=,a,r,t,i,c,l,e,&,t,y,p,e,=,l,o,g,o,3,0,0,x,2,5,0,&,l,o,c,a,t,i,o,n,=,1,2,"""",/,>,"
",<,a, ,h,r,e,f,=,"""",j,a,v,a,s,c,r,i,p,t,:,;,"""", ,t,a,r,g,e,t,=,"""",_,s,e,l,f,"""", ,c,l,a,s,s,=,"""",a,d,_,h,o,v,e,r,_,h,r,e,f,"""",/,>,"
",<,/,d,i,v,>,<,p,>,国,家,企,业,信,用,信,息,公,示,系,统,（,上,海,）,显,示,，,2,0,1,7,年,8,月,5,日,，,无,印,良,品,（,上,海,）,商,业,有,限,公,司,从,日,本,原,装,进,口,外,包,装,上,印,有,“,M,A,D,E, ,I,N, ,T,A,I,W,A,N,原,产,国,：,台,湾,”,字,样,的,钢,制,室,内,晾,衣,架,商,品,1,1,9,个,，,通,过,淘,宝,网,官,方,旗,舰,店,和,线,下,门,店,进,行,销,售,。,当,事,人,未,妥,善,履,行,进,货,查,验,义,务,，,导,致,上,述,商,品,进,入,市,场,销,售,，,已,销,售,数,量,无,法,统,计,。,案,发,后,，,当,事,人,对,涉,案,商,品,外,包,装,进,行,更,换,和,整,改,。,<,/,p,>,<,p,>,上,海,市,工,商,局,检,查,总,队,认,为,，,当,事,人,的,上,述,行,为,违,反,了,《,广,告,法,》,第,九,条,广,告,不,得,损,害,国,家,的,尊,严,或,者,利,益,，,泄,露,国,家,秘,密,的,规,定,。,鉴,于,当,事,人,案,发,后,将,涉,案,商,品,下,架,并,销,毁,外,包,装,，,检,查,总,队,根,据,《,广,告,法,》,第,五,十,七,条,第,（,一,）,项,之,规,定,，,责,令,当,事,人,停,止,发,布,违,法,广,告,，,并,处,罚,款,。,<,/,p,>,<,p,>,据,悉,，,今,年,1,月,3,0,日,，,无,印,良,品,因,赠,阅,《,2,0,1,7,年,秋,冬,家,具,目,录,册,》,插,附,的,地,图,中,存,在,台,湾,标,记,错,误,等,问,题,，,被,国,家,测,绘,地,理,信,息,局,通,报,。,相,关,案,件,成,为,该,部,门,排,查,整,治,“,问,题,地,图,”,专,项,行,动,中,通,报,的,第,一,批,典,型,案,件,。,<,/,p,>,"
", , , , , , , , , , , , , , , , ,<,p,/,>,"
", , , , , , , , , , , , , , , , , , , , , , , , , , , , , , , , , , , , , , , , , , , , , , , , ,<,d,i,v, ,c,l,a,s,s,=,"""",e,p,-,s,o,u,r,c,e, ,c,D,G,r,a,y,"""",>,"
", , , , , , , , , , , , , , , , , , , , ,<,s,p,a,n, ,c,l,a,s,s,=,"""",l,e,f,t,"""",>,<,a, ,h,r,e,f,=,"""",h,t,t,p,:,/,/,n,e,w,s,.,1,6,3,.,c,o,m,/,"""",>,<,i,m,g, ,s,r,c,=,"""",h,t,t,p,:,/,/,i,m,g,1,.,c,a,c,h,e,.,n,e,t,e,a,s,e,.,c,o,m,/,c,n,e,w,s,/,c,s,s,1,3,/,i,m,g,/,e,n,d,_,n,e,w,s,.,p,n,g,"""", ,a,l,t,=,"""",苏,泓,,"""", ,w,i,d,t,h,=,"""",1,3,"""", ,h,e,i,g,h,t,=,"""",1,2,"""", ,c,l,a,s,s,=,"""",i,c,o,n,"""",/,>,<,/,a,>, ,本,文,来,源,：,澎,湃,新,闻, , ,<,/,s,p,a,n,>,"
", , , , , , , , , , , , , , , , , , , , ,<,!,-,-,杨,强,_,N,N,6,0,2,7,-,-,>,<,s,p,a,n, ,c,l,a,s,s,=,"""",e,p,-,e,d,i,t,o,r,"""",>,责,任,编,辑,：,杨,强,_,N,N,6,0,2,7,<,/,s,p,a,n,>, , , , , , , , , , , , , , , , ,<,/,d,i,v,>,"
", , , , , , , , , , , , , , , , , , , , , , , , , , , , , , , , ,	,	,	,	,	,	,	,	, , , , , , , , , , , , ,<,/,d,i,v,>,"
", , , , , , , , , , , , , , , , , , , , , , , , , , , , , , , , 
<,d,i,v, ,c,l,a,s,s,=,"""",p,o,s,t,_,t,e,x,t,"""", ,i,d,=,"""",e,n,d,T,e,x,t,"""", ,s,t,y,l,e,=,"""",b,o,r,d,e,r,-,t,o,p,:,1,p,x, ,s,o,l,i,d, ,#,d,d,d,;,"""",>,"
", , , , , , , , , , , , , , , , , , , , , , , , , , , , , , , , ,<,p, ,c,l,a,s,s,=,"""",o,t,i,t,l,e,"""",>,"
", , , , , , , , , , , , , , , , , , , , ,（,原,标,题,：,朝,美,会,晤,或,将,延,期, ,外,交,部,:,希,望,双,方,能,抓,住,机,遇,，,相,向,而,行,）,"
", , , , , , , , , , , , , , , , ,<,/,p,>,"
", , , , , , , , , , , , , , , , , , , , , , , , , , , , , , , , ,<,p, ,c,l,a,s,s,=,"""",f,_,c,e,n,t,e,r,"""",>,<,i,m,g, ,a,l,t,=,"""",Q,Q,图,片,2,0,1,8,0,5,2,2,1,5,2,7,1,0,.,p,n,g,"""", ,s,r,c,=,"""",h,t,t,p,:,/,/,c,m,s,-,b,u,c,k,e,t,.,n,o,s,d,n,.,1,2,7,.,n,e,t,/,c,a,t,c,h,p,i,c,/,5,/,5,d,/,5,d,5,f,1,6,3,d,1,5,d,3,5,2,e,7,c,c,1,1,e,c,b,5,6,7,5,4,6,7,1,a,.,p,n,g,?,i,m,a,g,e,V,i,e,w,&,t,h,u,m,b,n,a,i,l,=,5,5,0,x,0,"""", ,w,i,d,t,h,=,"""",4,9,5,"""", ,h,e,i,g,h,t,=,"""",2,9,8,"""",/,>,<,/,p,>,<,p,>,<,!,-,-, ,A,D,2,0,0,x,3,0,0,_,2, ,-,-,>,"
",<,/,p,>,<,d,i,v, ,c,l,a,s,s,=,"""",g,g,2,0,0,x,3,0,0,"""",>,"
",<,d,i,v, ,c,l,a,s,s,=,"""",a,t,_,i,t,e,m, ,r,i,g,h,t,_,a,d,_,i,t,e,m,"""", ,a,d,t,y,p,e,=,"""",r,i,g,h,t,A,d,"""", ,r,e,q,u,e,s,t,u,r,l,=,"""",h,t,t,p,s,:,/,/,n,e,x,.,1,6,3,.,c,o,m,/,q,?,a,p,p,=,7,B,E,0,F,C,8,2,&,c,=,n,e,w,s,&,l,=,1,3,3,&,s,i,t,e,=,n,e,t,e,a,s,e,&,a,f,f,i,l,i,a,t,e,=,n,e,w,s,&,c,a,t,=,a,r,t,i,c,l,e,&,t,y,p,e,=,l,o,g,o,3,0,0,x,2,5,0,&,l,o,c,a,t,i,o,n,=,1,2,"""",/,>,"
",<,a, ,h,r,e,f,=,"""",j,a,v,a,s,c,r,i,p,t,:,;,"""", ,t,a,r,g,e,t,=,"""",_,s,e,l,f,"""", ,c,l,a,s,s,=,"""",a,d,_,h,o,v,e,r,_,h,r,e,f,"""",/,>,"
",<,/,d,i,v,>,<,p,>,海,外,网,5,月,2,3,日,电,2,3,日,外,交,部,召,开,例,行,记,者,会,，,新,闻,发,言,人,陆,慷,主,持,会,议,。,关,于,朝,美,会,晤,，,陆,慷,表,示,，,中,方,一,直,在,鼓,励,，,也,支,持,朝,美,双,方,通,过,直,接,对,话,积,累,互,信,，,推,动,半,岛,无,核,化,的,进,程,。,事,实,上,，,大,家,都,注,意,到,，,朝,美,双,方,仍,然,继,续,在,为,两,国,领,导,人,的,会,晤,做,着,准,备,，,我,们,希,望,双,方,能,抓,住,机,遇,，,坚,持,对,话,，,相,向,而,行,，,排,除,干,扰,，,顺,利,地,举,行,双,方,领,导,人,会,晤,，,中,方,会,继,续,发,挥,我,们,应,有,的,作,用,。,<,/,p,>,<,p,>,我,们,已,经,多,次,说,过,，,中,方,在,半,岛,问,题,上,，,一,直,致,力,于,发,挥,劝,和,促,谈,的,作,用,，,中,方,发,挥,的,作,用,只,会,是,积,极,的,。,当,前,半,岛,问,题,政,治,解,决,进,程,面,临,着,难,得,的,历,史,机,遇,，,我,们,特,别,希,望,有,关,各,方,特,别,是,朝,美,双,方,能,抓,住,机,遇,，,相,向,而,行,，,平,衡,地,解,决,各,自,的,关,切,，,我,们,还,是,期,待,这,朝,美,双,方,领,导,人,的,会,晤,能,够,顺,利,进,行,并,取,得,积,极,的,成,果,。,<,/,p,>,"
", , , , , , , , , , , , , , , , ,<,p,/,>,"
", , , , , , , , , , , , , , , , , , , , , , , , , , , , , , , , , , , , , , , , , , , , , , , , ,<,d,i,v, ,c,l,a,s,s,=,"""",e,p,-,s,o,u,r,c,e, ,c,D,G,r,a,y,"""",>,"
", , , , , , , , , , , , , , , , , , , , ,<,s,p,a,n, ,c,l,a,s,s,=,"""",l,e,f,t,"""",>,<,a, ,h,r,e,f,=,"""",h,t,t,p,:,/,/,n,e,w,s,.,1,6,3,.,c,o,m,/,"""",>,<,i,m,g, ,s,r,c,=,"""",h,t,t,p,:,/,/,i,m,g,1,.,c,a,c,h,e,.,n,e,t,e,a,s,e,.,c,o,m,/,c,n,e,w,s,/,c,s,s,1,3,/,i,m,g,/,e,n,d,_,n,e,w,s,.,p,n,g,"""", ,a,l,t,=,"""",荀,建,国,"""", ,w,i,d,t,h,=,"""",1,3,"""", ,h,e,i,g,h,t,=,"""",1,2,"""", ,c,l,a,s,s,=,"""",i,c,o,n,"""",/,>,<,/,a,>, ,本,文,来,源,：,海,外,网, , ,<,/,s,p,a,n,>,"
", , , , , , , , , , , , , , , , , , , , ,<,!,-,-,荀,建,国,_,N,N,7,3,7,9,-,-,>,<,s,p,a,n, ,c,l,a,s,s,=,"""",e,p,-,e,d,i,t,o,r,"""",>,责,任,编,辑,：,荀,建,国,_,N,N,7,3,7,9,<,/,s,p,a,n,>, , , , , , , , , , , , , , , , ,<,/,d,i,v,>,"
", , , , , , , , , , , , , , , , , , , , , , , , , , , , , , , , ,	,	,	,	,	,	,	,	, , , , , , , , , , , , ,<,/,d,i,v,>,"
", , , , , , , , , , , , , , , , , , , , , , , , , , , , , , , , 
<,d,i,v, ,c,l,a,s,s,=,"""",p,o,s,t,_,t,e,x,t,"""", ,i,d,=,"""",e,n,d,T,e,x,t,"""", ,s,t,y,l,e,=,"""",b,o,r,d,e,r,-,t,o,p,:,1,p,x, ,s,o,l,i,d, ,#,d,d,d,;,"""",>,"
", , , , , , , , , , , , , , , , , , , , , , , , , , , , , , , , ,<,p, ,c,l,a,s,s,=,"""",o,t,i,t,l,e,"""",>,"
", , , , , , , , , , , , , , , , , , , , ,（,原,标,题,：,外,交,部,：,中,方,鼓,励,并,支,持,朝,美,双,方,通,过,直,接,对,话,积,累,互,信,）,"
", , , , , , , , , , , , , , , , ,<,/,p,>,"
", , , , , , , , , , , , , , , , , , , , , , , , , , , , , , , , ,<,p,>,央,视,新,闻,客,户,端,5,月,2,3,日,消,息,，,在,今,天,（,2,3,日,）,的,中,国,外,交,部,例,行,记,者,会,上,，,有,记,者,围,绕,中,方,在,朝,鲜,半,岛,问,题,上,发,挥,的,作,用,进,行,提,问,。,发,言,人,陆,慷,在,回,答,提,问,时,，,重,申,了,中,方,在,半,岛,问,题,上,的,有,关,立,场,。,<,/,p,>,<,p,>,<,!,-,-, ,A,D,2,0,0,x,3,0,0,_,2, ,-,-,>,"
",<,/,p,>,<,d,i,v, ,c,l,a,s,s,=,"""",g,g,2,0,0,x,3,0,0,"""",>,"
",<,d,i,v, ,c,l,a,s,s,=,"""",a,t,_,i,t,e,m, ,r,i,g,h,t,_,a,d,_,i,t,e,m,"""", ,a,d,t,y,p,e,=,"""",r,i,g,h,t,A,d,"""", ,r,e,q,u,e,s,t,u,r,l,=,"""",h,t,t,p,s,:,/,/,n,e,x,.,1,6,3,.,c,o,m,/,q,?,a,p,p,=,7,B,E,0,F,C,8,2,&,c,=,n,e,w,s,&,l,=,1,3,3,&,s,i,t,e,=,n,e,t,e,a,s,e,&,a,f,f,i,l,i,a,t,e,=,n,e,w,s,&,c,a,t,=,a,r,t,i,c,l,e,&,t,y,p,e,=,l,o,g,o,3,0,0,x,2,5,0,&,l,o,c,a,t,i,o,n,=,1,2,"""",/,>,"
",<,a, ,h,r,e,f,=,"""",j,a,v,a,s,c,r,i,p,t,:,;,"""", ,t,a,r,g,e,t,=,"""",_,s,e,l,f,"""", ,c,l,a,s,s,=,"""",a,d,_,h,o,v,e,r,_,h,r,e,f,"""",/,>,"
",<,/,d,i,v,>,<,p,>,陆,慷,表,示,，,中,方,一,直,鼓,励,并,支,持,朝,美,双,方,通,过,直,接,对,话,积,累,互,信,，,推,动,半,岛,无,核,化,的,政,治,解,决,进,程,。,事,实,上,，,朝,美,双,方,仍,在,继,续,为,领,导,人,会,晤,做,准,备,。,中,方,希,望,朝,美,双,方,能,够,抓,住,机,遇,，,坚,持,对,话,，,相,向,而,行,，,排,除,干,扰,，,顺,利,举,行,领,导,人,会,晤,。,中,方,会,继,续,发,挥,应,有,的,作,用,。,<,/,p,>,<,p,>,陆,慷,强,调,，,中,方,在,朝,鲜,半,岛,问,题,上,一,直,致,力,于,发,挥,劝,和,促,谈,的,作,用,，,中,方,发,挥,的,作,用,只,会,是,积,极,的,。,当,前,半,岛,问,题,政,治,解,决,进,程,面,临,着,难,得,的,历,史,机,遇,，,中,方,希,望,有,关,各,方,，,特,别,是,朝,美,双,方,，,能,够,抓,住,机,遇,相,向,而,行,，,平,衡,地,解,决,各,自,关,切,。,中,方,期,待,着,朝,美,领,导,人,的,会,晤,能,顺,利,举,行,，,并,取,得,积,极,的,成,果,。,<,/,p,>,"
", , , , , , , , , , , , , , , , ,<,p,/,>,"
", , , , , , , , , , , , , , , , , , , , , , , , , , , , , , , , , , , , , , , , , , , , , , , , ,<,d,i,v, ,c,l,a,s,s,=,"""",e,p,-,s,o,u,r,c,e, ,c,D,G,r,a,y,"""",>,"
", , , , , , , , , , , , , , , , , , , , ,<,s,p,a,n, ,c,l,a,s,s,=,"""",l,e,f,t,"""",>,<,a, ,h,r,e,f,=,"""",h,t,t,p,:,/,/,n,e,w,s,.,1,6,3,.,c,o,m,/,"""",>,<,i,m,g, ,s,r,c,=,"""",h,t,t,p,:,/,/,i,m,g,1,.,c,a,c,h,e,.,n,e,t,e,a,s,e,.,c,o,m,/,c,n,e,w,s,/,c,s,s,1,3,/,i,m,g,/,e,n,d,_,n,e,w,s,.,p,n,g,"""", ,a,l,t,=,"""",吴,毓,,"""", ,w,i,d,t,h,=,"""",1,3,"""", ,h,e,i,g,h,t,=,"""",1,2,"""", ,c,l,a,s,s,=,"""",i,c,o,n,"""",/,>,<,/,a,>, ,本,文,来,源,：,央,视,新,闻,移,动,网, , ,<,/,s,p,a,n,>,"
", , , , , , , , , , , , , , , , , , , , ,<,!,-,-,杨,强,_,N,N,6,0,2,7,-,-,>,<,s,p,a,n, ,c,l,a,s,s,=,"""",e,p,-,e,d,i,t,o,r,"""",>,责,任,编,辑,：,杨,强,_,N,N,6,0,2,7,<,/,s,p,a,n,>, , , , , , , , , , , , , , , , ,<,/,d,i,v,>,"
", , , , , , , , , , , , , , , , , , , , , , , , , , , , , , , , ,	,	,	,	,	,	,	,	, , , , , , , , , , , , ,<,/,d,i,v,>,"
", , , , , , , , , , , , , , , , , , , , , , , , , , , , , , , , 
<,d,i,v, ,c,l,a,s,s,=,"""",p,o,s,t,_,t,e,x,t,"""", ,i,d,=,"""",e,n,d,T,e,x,t,"""", ,s,t,y,l,e,=,"""",b,o,r,d,e,r,-,t,o,p,:,1,p,x, ,s,o,l,i,d, ,#,d,d,d,;,"""",>,"
", , , , , , , , , , , , , , , , , , , , , , , , , , , , , , , , ,<,p, ,c,l,a,s,s,=,"""",o,t,i,t,l,e,"""",>,"
", , , , , , , , , , , , , , , , , , , , ,（,原,标,题,：,蔡,英,文,当,局,拒,国,民,党,副,主,席,赴,陆,参,加,海,峡,论,坛,：,不,宜,配,合,陆,方,宣,传,）,"
", , , , , , , , , , , , , , , , ,<,/,p,>,"
", , , , , , , , , , , , , , , , , , , , , , , , , , , , , , , , ,<,p,>,【,观,察,者,网, ,综,合,报,道,】,国,民,党,副,主,席,曾,永,权,及,前,海,基,会,董,事,长,林,中,森,，,日,前,向,台,当,局,申,请,前,往,大,陆,参,加,第,十,届,海,峡,论,坛,，,但,台,当,局,“,移,民,署,”,联,审,会,2,2,日,做,出,决,定,，,对,两,人,的,申,请,“,不,予,许,可,”,。,<,/,p,>,<,p,>,对,此,，,国,民,党,方,面,指,出,，,在,国,民,党,执,政,时,期,，,民,进,党,官,员,申,请,赴,陆,访,问,2,9,次,，,从,未,被,阻,扰,，,现,在,民,进,党,却,昨,是,今,非,，,令,人,不,解,。,<,/,p,>,<,p, ,c,l,a,s,s,=,"""",f,_,c,e,n,t,e,r,"""",>,<,i,m,g, ,a,l,t,=,"""",蔡,英,文,拒,国,民,党,赴,大,陆,参,加,论,坛,:,不,宜,配,合,陆,方,宣,传,"""", ,s,r,c,=,"""",h,t,t,p,:,/,/,c,m,s,-,b,u,c,k,e,t,.,n,o,s,d,n,.,1,2,7,.,n,e,t,/,c,a,t,c,h,p,i,c,/,3,/,3,d,/,3,d,c,e,6,4,6,c,7,a,c,7,8,7,d,b,a,6,f,9,b,1,e,5,8,e,b,4,b,2,4,b,.,j,p,g,?,i,m,a,g,e,V,i,e,w,&,t,h,u,m,b,n,a,i,l,=,5,5,0,x,0,"""", ,t,r,i,=,"""",1,"""", ,w,i,d,t,h,=,"""",6,2,0,"""", ,h,e,i,g,h,t,=,"""",3,1,4,"""", ,s,t,y,l,e,=,"""",m,a,r,g,i,n,:, ,0,p,x, ,a,u,t,o,;, ,p,a,d,d,i,n,g,:, ,0,p,x,;, ,b,o,r,d,e,r,-,w,i,d,t,h,:, ,0,p,x,;, ,b,o,r,d,e,r,-,s,t,y,l,e,:, ,i,n,i,t,i,a,l,;, ,d,i,s,p,l,a,y,:, ,b,l,o,c,k,;, ,v,e,r,t,i,c,a,l,-,a,l,i,g,n,:, ,m,i,d,d,l,e,;,"""",/,>,<,s,p,a,n, ,s,t,y,l,e,=,"""",t,e,x,t,-,a,l,i,g,n,:, ,j,u,s,t,i,f,y,;,"""",>,2,0,1,6,年,，,第,八,届,海,峡,论,坛,在,福,建,厦,门,举,行, ,\,x,a,0,图,自,新,华,社,<,/,s,p,a,n,>,<,/,p,>,<,p,>,据,台,湾,“,中,央,社,”,报,道,，,第,1,0,届,海,峡,论,坛,将,于,6,月,8,日,至,1,1,日,在,中,国,大,陆,福,建,厦,门,登,场,，,中,国,国,民,党,5,月,1,0,日,向,蔡,英,文,当,局,递,件,，,拟,由,曾,永,权,率,团,出,席,，,预,计,同,行,者,包,括,智,库,副,董,事,长,林,中,森,等,，,共,计,1,0,余,人,。,<,/,p,>,<,p,>,“,移,民,署,”,称,，,根,据,“,两,岸,人,民,关,系,条,例,”,第,九,条,第,四,项,规,定,，,退,离,职,涉,密,人,员,进,入,中,国,大,陆,地,区,，,须,经,“,内,政,部,”,会,同,“,国,安,局,”,、,“,法,务,部,”,及,陆,委,会,组,成,的,“,审,查,会,”,审,查,许,可,。,<,/,p,>,<,p,>,台,当,局,“,内,政,部,”,2,2,日,召,开,第,3,7,4,次,审,查,会,进,行,联,审,程,序,，,“,移,民,署,”,表,示,，,<,s,t,r,o,n,g, ,s,t,y,l,e,=,"""",m,a,r,g,i,n,:, ,0,p,x,;, ,p,a,d,d,i,n,g,:, ,0,p,x,;, ,l,i,s,t,-,s,t,y,l,e,:, ,n,o,n,e,;,"""",>,针,对,曾,永,权,和,林,中,森,登,陆,申,请,案,，,最,后,决,议,均,为,“,不,予,许,可,”,。,<,/,s,t,r,o,n,g,>,<,/,p,>,<,p, ,c,l,a,s,s,=,"""",f,_,c,e,n,t,e,r,"""",>,<,i,m,g, ,a,l,t,=,"""",蔡,英,文,拒,国,民,党,赴,大,陆,参,加,论,坛,:,不,宜,配,合,陆,方,宣,传,"""", ,s,r,c,=,"""",h,t,t,p,:,/,/,c,m,s,-,b,u,c,k,e,t,.,n,o,s,d,n,.,1,2,7,.,n,e,t,/,c,a,t,c,h,p,i,c,/,e,/,e,5,/,e,5,b,9,d,b,c,f,d,5,7,b,f,4,7,b,8,7,d,4,3,6,2,1,9,c,0,3,3,4,f,3,.,j,p,g,?,i,m,a,g,e,V,i,e,w,&,t,h,u,m,b,n,a,i,l,=,5,5,0,x,0,"""", ,s,t,y,l,e,=,"""",m,a,r,g,i,n,:, ,0,p,x, ,a,u,t,o,;, ,p,a,d,d,i,n,g,:, ,0,p,x,;, ,b,o,r,d,e,r,-,w,i,d,t,h,:, ,0,p,x,;, ,b,o,r,d,e,r,-,s,t,y,l,e,:, ,i,n,i,t,i,a,l,;, ,d,i,s,p,l,a,y,:, ,b,l,o,c,k,;, ,v,e,r,t,i,c,a,l,-,a,l,i,g,n,:, ,m,i,d,d,l,e,;,"""",/,>,<,s,p,a,n, ,s,t,y,l,e,=,"""",t,e,x,t,-,a,l,i,g,n,:, ,j,u,s,t,i,f,y,;,"""",>,国,民,党,副,主,席,曾,永,权, ,\,x,a,0,图,自,“,联,合,新,闻,网,”,<,/,s,p,a,n,>,<,/,p,>,<,p,>,“,中,央,社,”,称,，,陆,委,会,随,后,透,过,文,字,说,明,表,示,，,<,s,t,r,o,n,g, ,s,t,y,l,e,=,"""",m,a,r,g,i,n,:, ,0,p,x,;, ,p,a,d,d,i,n,g,:, ,0,p,x,;, ,l,i,s,t,-,s,t,y,l,e,:, ,n,o,n,e,;,"""",>,曾,永,权,、,林,中,森,申,请,赴,陆,参,加,的,活,动,为,大,陆,官,方,主,办,的,“,对,台,宣,传,活,动,”,，,但,近,期,陆,方,频,繁,军,演,、,机,舰,绕,台,，,多,米,尼,加,与,台,“,断,交,”,、,阻,碍,台,湾,参,加,世,界,卫,生,大,会,（,W,H,A,）,等,，,均,为,“,缺,乏,善,意,”,的,作,为,。,<,/,s,t,r,o,n,g,>,<,/,p,>,<,p,>,陆,委,会,还,称,，,<,s,t,r,o,n,g, ,s,t,y,l,e,=,"""",m,a,r,g,i,n,:, ,0,p,x,;, ,p,a,d,d,i,n,g,:, ,0,p,x,;, ,l,i,s,t,-,s,t,y,l,e,:, ,n,o,n,e,;,"""",>,此,时,指,标,性,退,离,职,人,员,赴,陆,参,加,活,动,“,仍,具,敏,感,”,，,且,“,呼,应,配,合,陆,方,宣,传,有,所,不,宜,”,，,加,上,两,人,均,曾,担,任,政,府,重,要,职,务,<,/,s,t,r,o,n,g,>,<,s,t,r,o,n,g, ,s,t,y,l,e,=,"""",m,a,r,g,i,n,:, ,0,p,x,;, ,p,a,d,d,i,n,g,:, ,0,p,x,;, ,l,i,s,t,-,s,t,y,l,e,:, ,n,o,n,e,;,"""",>,，,尚,在,退,离,职,涉,密,人,员,列,管,期,间,内,<,/,s,t,r,o,n,g,>,，,恐,对,台,湾,整,体,利,益,有,不,利,影,响,，,经,审,查,会,决,议,不,予,许,可,赴,陆,。,<,/,p,>,<,p,>,<,s,t,r,o,n,g, ,s,t,y,l,e,=,"""",m,a,r,g,i,n,:, ,0,p,x,;, ,p,a,d,d,i,n,g,:, ,0,p,x,;, ,l,i,s,t,-,s,t,y,l,e,:, ,n,o,n,e,;,"""",>,民,进,党,官,员,曾,申,请,赴,陆,2,9,次,，,未,被,阻,扰,<,/,s,t,r,o,n,g,>,<,/,p,>,<,p,>,对,于,曾,永,权,一,行,赴,陆,被,拒,，,国,民,党,文,传,会,主,委,李,明,贤,表,示,强,烈,遗,憾,，,他,强,调,，,此,举,无,助,于,化,解,两,岸,交,流,停,滞,的,僵,局,，,反,而,加,深,两,岸,关,系,对,峙,的,鸿,沟,。,<,/,p,>,<,p, ,c,l,a,s,s,=,"""",f,_,c,e,n,t,e,r,"""",>,<,i,m,g, ,a,l,t,=,"""",蔡,英,文,拒,国,民,党,赴,大,陆,参,加,论,坛,:,不,宜,配,合,陆,方,宣,传,"""", ,s,r,c,=,"""",h,t,t,p,:,/,/,c,m,s,-,b,u,c,k,e,t,.,n,o,s,d,n,.,1,2,7,.,n,e,t,/,c,a,t,c,h,p,i,c,/,e,/,e,5,/,e,5,f,4,1,0,e,6,1,d,0,3,5,b,7,b,0,0,8,6,e,5,6,9,2,5,7,f,0,7,0,5,.,j,p,g,?,i,m,a,g,e,V,i,e,w,&,t,h,u,m,b,n,a,i,l,=,5,5,0,x,0,"""", ,s,t,y,l,e,=,"""",m,a,r,g,i,n,:, ,0,p,x, ,a,u,t,o,;, ,p,a,d,d,i,n,g,:, ,0,p,x,;, ,b,o,r,d,e,r,-,w,i,d,t,h,:, ,0,p,x,;, ,b,o,r,d,e,r,-,s,t,y,l,e,:, ,i,n,i,t,i,a,l,;, ,d,i,s,p,l,a,y,:, ,b,l,o,c,k,;, ,v,e,r,t,i,c,a,l,-,a,l,i,g,n,:, ,m,i,d,d,l,e,;,"""",/,>,<,s,p,a,n, ,s,t,y,l,e,=,"""",t,e,x,t,-,a,l,i,g,n,:, ,j,u,s,t,i,f,y,;,"""",>,国,民,党,文,传,会,主,委,李,明,贤, ,图,自,中,评,社,<,/,s,p,a,n,>,<,/,p,>,<,p,>,李,明,贤,还,指,出,，,<,s,t,r,o,n,g, ,s,t,y,l,e,=,"""",m,a,r,g,i,n,:, ,0,p,x,;, ,p,a,d,d,i,n,g,:, ,0,p,x,;, ,l,i,s,t,-,s,t,y,l,e,:, ,n,o,n,e,;,"""",>,国,民,党,执,政,时,期,，,民,进,党,籍,县,市,长,包,括,赖,清,德,、,陈,菊,申,请,赴,陆,访,问,共,2,9,次,，,从,未,被,阻,扰,或,刁,难,。,<,/,s,t,r,o,n,g,>,而,民,进,党,在,执,政,之,后,，,反,而,阻,碍,国,民,党,赴,陆,交,流,，,根,本,是,昨,是,今,非,、,自,我,矛,盾,，,令,人,不,解,。,<,/,p,>,<,p,>,其,实,，,早,在,1,8,日,，,就,有,国,民,党,党,内,人,士,指,出,，,已,经,接,获,“,特,定,管,道,”,消,息,，,暗,示,蔡,英,文,当,局,即,将,驳,回,曾,永,权,一,行,的,赴,陆,申,请,。,当,时,李,明,贤,表,示,，,国,民,党,期,待,蔡,英,文,当,局,最,后,可,以,同,意,曾,永,权,的,申,请,案,，,两,岸,若,能,多,一,些,交,流,是,好,事,。,<,/,p,>,<,p,>,<,s,t,r,o,n,g, ,s,t,y,l,e,=,"""",m,a,r,g,i,n,:, ,0,p,x,;, ,p,a,d,d,i,n,g,:, ,0,p,x,;, ,l,i,s,t,-,s,t,y,l,e,:, ,n,o,n,e,;,"""",>,吴,敦,义,赴,陆,参,加,“,国,共,论,坛,”,机,会,渺,茫,<,/,s,t,r,o,n,g,>,<,/,p,>,<,p,>,中,评,社,分,析,称,，,如,果,此,次,曾,永,权,申,请,赴,陆,被,驳,回,，,接,下,来,可,能,举,办,的,“,国,共,论,坛,”,，,国,民,党,主,席,吴,敦,义,希,望,申,请,赴,陆,参,加,，,获,准,的,几,率,看,来,相,当,低,。,<,/,p,>,<,p, ,c,l,a,s,s,=,"""",f,_,c,e,n,t,e,r,"""",>,<,i,m,g, ,a,l,t,=,"""",蔡,英,文,拒,国,民,党,赴,大,陆,参,加,论,坛,:,不,宜,配,合,陆,方,宣,传,"""", ,s,r,c,=,"""",h,t,t,p,:,/,/,c,m,s,-,b,u,c,k,e,t,.,n,o,s,d,n,.,1,2,7,.,n,e,t,/,c,a,t,c,h,p,i,c,/,7,/,7,2,/,7,2,5,8,b,9,2,7,e,b,3,a,f,4,e,6,6,5,5,3,e,9,6,e,e,a,1,b,2,4,9,2,.,j,p,g,?,i,m,a,g,e,V,i,e,w,&,t,h,u,m,b,n,a,i,l,=,5,5,0,x,0,"""", ,t,r,i,=,"""",1,"""", ,w,i,d,t,h,=,"""",6,0,0,"""", ,h,e,i,g,h,t,=,"""",4,0,0,"""", ,s,t,y,l,e,=,"""",m,a,r,g,i,n,:, ,0,p,x, ,a,u,t,o,;, ,p,a,d,d,i,n,g,:, ,0,p,x,;, ,b,o,r,d,e,r,-,w,i,d,t,h,:, ,0,p,x,;, ,b,o,r,d,e,r,-,s,t,y,l,e,:, ,i,n,i,t,i,a,l,;, ,d,i,s,p,l,a,y,:, ,b,l,o,c,k,;, ,v,e,r,t,i,c,a,l,-,a,l,i,g,n,:, ,m,i,d,d,l,e,;,"""",/,>,<,s,p,a,n, ,s,t,y,l,e,=,"""",t,e,x,t,-,a,l,i,g,n,:, ,j,u,s,t,i,f,y,;,"""",>,国,民,党,主,席,吴,敦,义,<,/,s,p,a,n,>,<,/,p,>,<,p,>,台,湾,《,中,国,时,报,》,5,月,2,0,日,称,，,有,知,情,人,士,透,露,，,考,虑,到,曾,遭,蔡,英,文,当,局,“,卡,关,”,，,国,民,党,方,面,估,计,吴,敦,义,要,赴,陆,参,加,“,国,共,论,坛,”,，,被,放,行,机,会,不,大,，,加,上,吴,近,日,“,腿,伤,”,问,题,，,赴,陆,也,不,便,。,<,/,p,>,<,p,>,报,道,还,称,，,国,民,党,大,陆,事,务,部,主,任,周,继,祥,本,月,初,已,赴,陆,向,国,台,办,主,任,刘,结,一,表,明,，,吴,可,能,不,会,出,席,“,国,共,论,坛,”,。,<,/,p,>,<,p,>,<,!,-,-, ,A,D,2,0,0,x,3,0,0,_,2, ,-,-,>,"
",<,/,p,>,<,d,i,v, ,c,l,a,s,s,=,"""",g,g,2,0,0,x,3,0,0,"""",>,"
",<,d,i,v, ,c,l,a,s,s,=,"""",a,t,_,i,t,e,m, ,r,i,g,h,t,_,a,d,_,i,t,e,m,"""", ,a,d,t,y,p,e,=,"""",r,i,g,h,t,A,d,"""", ,r,e,q,u,e,s,t,u,r,l,=,"""",h,t,t,p,s,:,/,/,n,e,x,.,1,6,3,.,c,o,m,/,q,?,a,p,p,=,7,B,E,0,F,C,8,2,&,c,=,n,e,w,s,&,l,=,1,3,3,&,s,i,t,e,=,n,e,t,e,a,s,e,&,a,f,f,i,l,i,a,t,e,=,n,e,w,s,&,c,a,t,=,a,r,t,i,c,l,e,&,t,y,p,e,=,l,o,g,o,3,0,0,x,2,5,0,&,l,o,c,a,t,i,o,n,=,1,2,"""",/,>,"
",<,a, ,h,r,e,f,=,"""",j,a,v,a,s,c,r,i,p,t,:,;,"""", ,t,a,r,g,e,t,=,"""",_,s,e,l,f,"""", ,c,l,a,s,s,=,"""",a,d,_,h,o,v,e,r,_,h,r,e,f,"""",/,>,"
",<,/,d,i,v,>,<,p,>,吴,敦,义,日,前,被,问,到,自,己,是,否,可,能,也,无,法,赴,“,国,共,论,坛,”,，,<,s,t,r,o,n,g, ,s,t,y,l,e,=,"""",m,a,r,g,i,n,:, ,0,p,x,;, ,p,a,d,d,i,n,g,:, ,0,p,x,;, ,l,i,s,t,-,s,t,y,l,e,:, ,n,o,n,e,;,"""",>,他,松,口,表,示,“,这,种,推,估,不,能,说,是,无,的,放,矢,”,，,但,仍,会,照,相,关,条,例,申,请,。,<,/,s,t,r,o,n,g,>,<,/,p,>,<,p,>,5,月,1,6,日,，,在,国,台,办,例,行,新,闻,发,布,会,上,，,有,记,者,问,及,“,国,共,论,坛,”,筹,备,情,况,如,何,，,国,民,党,主,席,吴,敦,义,迄,今,还,没,有,向,蔡,英,文,当,局,递,件,申,请,赴,陆,参,加,“,国,共,论,坛,”,，,是,否,会,影,响,到,整,个,国,共,论,坛,的,举,办,？,<,/,p,>,<,p,>,对,此,，,国,台,办,发,言,人,安,峰,山,表,示,，,<,s,t,r,o,n,g, ,s,t,y,l,e,=,"""",m,a,r,g,i,n,:, ,0,p,x,;, ,p,a,d,d,i,n,g,:, ,0,p,x,;, ,l,i,s,t,-,s,t,y,l,e,:, ,n,o,n,e,;,"""",>,国,共,两,党,有,关,方,面,一,直,就,开,展,两,党,的,党,际,交,流,合,作,在,进,行,着,顺,畅,的,沟,通,。,<,/,s,t,r,o,n,g,>,<,/,p,>,"
", , , , , , , , , , , , , , , , ,<,p,/,>,"
", , , , , , , , , , , , , , , , , , , , , , , , , , , , , , , , , , , , , , , , , , , , , , , , ,<,d,i,v, ,c,l,a,s,s,=,"""",e,p,-,s,o,u,r,c,e, ,c,D,G,r,a,y,"""",>,"
", , , , , , , , , , , , , , , , , , , , ,<,s,p,a,n, ,c,l,a,s,s,=,"""",l,e,f,t,"""",>,<,a, ,h,r,e,f,=,"""",h,t,t,p,:,/,/,n,e,w,s,.,1,6,3,.,c,o,m,/,"""",>,<,i,m,g, ,s,r,c,=,"""",h,t,t,p,:,/,/,i,m,g,1,.,c,a,c,h,e,.,n,e,t,e,a,s,e,.,c,o,m,/,c,n,e,w,s,/,c,s,s,1,3,/,i,m,g,/,e,n,d,_,n,e,w,s,.,p,n,g,"""", ,a,l,t,=,"""",苏,泓,,"""", ,w,i,d,t,h,=,"""",1,3,"""", ,h,e,i,g,h,t,=,"""",1,2,"""", ,c,l,a,s,s,=,"""",i,c,o,n,"""",/,>,<,/,a,>, ,本,文,来,源,：,观,察,者,网, , ,<,/,s,p,a,n,>,"
", , , , , , , , , , , , , , , , , , , , ,<,!,-,-,杨,强,_,N,N,6,0,2,7,-,-,>,<,s,p,a,n, ,c,l,a,s,s,=,"""",e,p,-,e,d,i,t,o,r,"""",>,责,任,编,辑,：,杨,强,_,N,N,6,0,2,7,<,/,s,p,a,n,>, , , , , , , , , , , , , , , , ,<,/,d,i,v,>,"
", , , , , , , , , , , , , , , , , , , , , , , , , , , , , , , , ,	,	,	,	,	,	,	,	, , , , , , , , , , , , ,<,/,d,i,v,>,"
", , , , , , , , , , , , , , , , , , , , , , , , , , , , , , , , 
<,d,i,v, ,c,l,a,s,s,=,"""",p,o,s,t,_,t,e,x,t,"""", ,i,d,=,"""",e,n,d,T,e,x,t,"""", ,s,t,y,l,e,=,"""",b,o,r,d,e,r,-,t,o,p,:,1,p,x, ,s,o,l,i,d, ,#,d,d,d,;,"""",>,"
", , , , , , , , , , , , , , , , , , , , , , , , , , , , , , , , ,<,p, ,c,l,a,s,s,=,"""",o,t,i,t,l,e,"""",>,"
", , , , , , , , , , , , , , , , , , , , ,（,原,标,题,：,大,陆,半,导,体,龙,头,企,业,中,芯,追,赶,台,企,为,何,那,么,辛,苦,？,）,"
", , , , , , , , , , , , , , , , ,<,/,p,>,"
", , , , , , , , , , , , , , , , , , , , , , , , , , , , , , , , ,<,p,>,【,观,察,者,网, ,综,合,报,道,】,5,月,2,1,日,，,台,湾,“,天,下,杂,志,”,发,文,对,大,陆,和,台,湾,的,半,导,体,制,造,企,业,进,行,探,讨,。,<,/,p,>,<,p,>,中,芯,是,仅,次,于,台,积,电,、,格,罗,方,德,和,联,电,的,全,球,第,四,大,专,业,晶,圆,代,工,厂,。,但,据,数,据,公,司,I,C, ,I,n,s,i,g,h,t,s,在,2,0,1,7,年,的,统,计,，,前,两,名,占,据,了,全,球,7,0,%,的,市,场,份,额,。,中,芯,虽,然,排,名,第,四,，,但,市,占,率,只,有,6,%,。,<,/,p,>,<,p,>,尤,其,是,中,芯,还,在,2,8,纳,米,苦,苦,挣,扎,时,，,台,积,电,7,纳,米,的,芯,片,已,于,2,0,1,7,年,4,月,开,始,试,产,。,这,意,味,着,，,台,积,电,的,技,术,已,经,至,少,遥,遥,领,先,中,芯,三,代,。,<,/,p,>,<,p,>,那,么,，,自,2,0,0,0,年,建,成,以,来,大,部,分,时,间,都,在,赔,钱,的,中,芯,，,为,何,走,过,了,近,2,0,个,年,头,，,还,是,与,台,积,电,的,技,术,差,距,仍,然,没,有,丝,毫,缩,短,，,甚,至,渐,行,渐,远,？,<,/,p,>,<,p, ,c,l,a,s,s,=,"""",f,_,c,e,n,t,e,r,"""",>,<,i,m,g, ,s,r,c,=,"""",h,t,t,p,:,/,/,c,m,s,-,b,u,c,k,e,t,.,n,o,s,d,n,.,1,2,7,.,n,e,t,/,c,a,t,c,h,p,i,c,/,0,/,0,9,/,0,9,8,c,2,f,0,4,4,e,f,6,b,1,c,5,d,4,9,1,a,4,a,0,6,e,e,5,c,2,b,0,.,p,n,g,?,i,m,a,g,e,V,i,e,w,&,t,h,u,m,b,n,a,i,l,=,5,5,0,x,0,"""", ,t,i,t,l,e,=,"""",点,击,查,看,大,图,"""", ,t,r,i,=,"""",1,"""", ,a,l,t,=,"""",点,击,查,看,大,图,"""", ,w,i,d,t,h,=,"""",5,3,0,"""", ,h,e,i,g,h,t,=,"""",3,2,9,"""", ,s,t,y,l,e,=,"""",m,a,r,g,i,n,:, ,0,p,x, ,a,u,t,o,;, ,p,a,d,d,i,n,g,:, ,0,p,x,;, ,b,o,r,d,e,r,-,w,i,d,t,h,:, ,0,p,x,;, ,b,o,r,d,e,r,-,s,t,y,l,e,:, ,i,n,i,t,i,a,l,;, ,d,i,s,p,l,a,y,:, ,b,l,o,c,k,;, ,v,e,r,t,i,c,a,l,-,a,l,i,g,n,:, ,m,i,d,d,l,e,;,"""",/,>,<,/,p,>,<,p,>,<,s,t,r,o,n,g, ,s,t,y,l,e,=,"""",m,a,r,g,i,n,:, ,0,p,x,;, ,p,a,d,d,i,n,g,:, ,0,p,x,;, ,l,i,s,t,-,s,t,y,l,e,:, ,n,o,n,e,;,"""",>,高,度,竞,争,，,无,法,靠,当,地,市,场,扶,植,<,/,s,t,r,o,n,g,>,<,/,p,>,<,p,>,“,天,下,杂,志,”,援,引,业,内,人,士,说,法,，,对,于,中,芯,和,台,积,电,两,家,企,业,之,间,至,少,5,年,的,差,距,，,给,出,了,两,个,原,因,。,<,/,p,>,<,p,>,一,方,面,，,现,已,成,气,候,的,华,为,等,大,陆,企,业,的,第,一,桶,金,，,都,来,自,高,度,保,护,、,且,对,技,术,要,求,较,低,的,国,内,市,场,，,待,厚,植,实,力,之,后,，,才,出,征,海,外,。,<,s,t,r,o,n,g, ,s,t,y,l,e,=,"""",m,a,r,g,i,n,:, ,0,p,x,;, ,p,a,d,d,i,n,g,:, ,0,p,x,;, ,l,i,s,t,-,s,t,y,l,e,:, ,n,o,n,e,;,"""",>,但,半,导,体,产,业,链,高,度,全,球,化,，,而,且,具,有,多,数,客,户,价,格,较,不,敏,感,的,产,业,特,性,，,这,让,中,芯,很,难,如,法,炮,制,。,<,/,s,t,r,o,n,g,>,<,/,p,>,<,p,>,“,天,下,杂,志,”,还,用,了,近,来,大,热,的,比,特,币,举,例,。,“,尽,管,比,特,大,陆,等,挖,矿,机,晶,片,厂,商,清,一,色,是,中,国,公,司,，,但,作,为,本,土,企,业,中,的,领,军,者,，,中,芯,对,于,挖,矿,的,商,机,却,‘,看,得,到,，,吃,不,到,’,，,厂,商,的,订,单,全,部,涌,到,了,对,岸,的,台,积,电,。,”,<,/,p,>,<,p,>,据,台,积,电,2,0,1,8,年,第,一,季,度,的,财,报,显,示,，,公,司,有,9,%,的,营,收,来,自,挖,矿,，,规,模,高,达,7,.,5,亿,美,元,，,而,这,一,数,字,，,已,经,接,近,中,芯,一,个,季,度,的,总,营,收,金,额,。,<,/,p,>,<,p,>,台,媒,还,称,，,中,芯,其,实,是,想,做,这,一,块,业,务,的,，,在,中,芯,最,近,的,新,闻,发,布,会,上,，,对,于,分,析,师,的,追,问,，,中,芯,技,术,团,队,负,责,人,表,示,，,“,我,们,也,很,希,望,做,这,一,块,业,务,”,。,<,/,p,>,<,p,>,而,对,于,中,芯,无,法,拿,下,比,特,币,矿,机,业,务,的,原,因,，,台,媒,认,为,是,中,芯,的,制,程,技,术,完,全,跟,不,上,挖,矿,需,求,。,<,/,p,>,<,p,>,“,挖,矿,晶,片,对,于,运,算,效,能,要,求,极,高,，,采,用,的,都,是,2,8,纳,米,以,下,的,制,程,，,但,中,芯,的,2,8,纳,米,（,高,性,能,版,）,虽,已,号,称,量,产,，,良,率,始,终,无,法,提,升,，,自,然,得,不,到,青,睐,。,”,<,/,p,>,<,p,>,而,现,在,，,随,着,监,管,趋,严,，,比,特,币,市,场,火,热,不,再,，,用,2,8,纳,米,制,程,挖,矿,已,经,逐,渐,没,有,太,多,的,盈,利,空,间,，,新,一,代,的,挖,矿,晶,片,现,已,迅,速,撤,离,，,转,而,攻,占,1,6,纳,米,以,下,制,程,，,而,台,媒,援,引,中,芯,高,层,说,法,称,，,因,为,在,2,8,纳,米,上,消,耗,了,过,多,的,研,发,精,力,和,时,间,，,中,芯,把,市,场,机,会,都,错,失,掉,了,。,<,/,p,>,<,p, ,c,l,a,s,s,=,"""",f,_,c,e,n,t,e,r,"""",>,<,i,m,g, ,a,l,t,=,"""",大,陆,半,导,体,龙,头,企,业,中,芯,追,赶,台,企,为,何,那,么,辛,苦,？,"""", ,s,r,c,=,"""",h,t,t,p,:,/,/,c,m,s,-,b,u,c,k,e,t,.,n,o,s,d,n,.,1,2,7,.,n,e,t,/,c,a,t,c,h,p,i,c,/,8,/,8,3,/,8,3,9,5,6,8,4,e,0,6,7,e,5,5,d,6,f,9,9,5,4,a,1,c,e,c,9,3,5,0,a,b,.,j,p,g,?,i,m,a,g,e,V,i,e,w,&,t,h,u,m,b,n,a,i,l,=,5,5,0,x,0,"""", ,t,i,t,l,e,=,"""",点,击,查,看,大,图,"""", ,c,l,a,s,s,=,"""",b,i,g,i,m,g,"""", ,w,i,d,t,h,=,"""",5,3,0,"""", ,s,t,y,l,e,=,"""",m,a,r,g,i,n,:, ,0,p,x, ,a,u,t,o,;, ,p,a,d,d,i,n,g,:, ,0,p,x,;, ,b,o,r,d,e,r,-,w,i,d,t,h,:, ,0,p,x,;, ,b,o,r,d,e,r,-,s,t,y,l,e,:, ,i,n,i,t,i,a,l,;, ,d,i,s,p,l,a,y,:, ,b,l,o,c,k,;, ,v,e,r,t,i,c,a,l,-,a,l,i,g,n,:, ,m,i,d,d,l,e,;, ,c,u,r,s,o,r,:, ,p,o,i,n,t,e,r,;,"""",/,>,<,/,p,>,<,p,>,<,s,t,r,o,n,g, ,s,t,y,l,e,=,"""",m,a,r,g,i,n,:, ,0,p,x,;, ,p,a,d,d,i,n,g,:, ,0,p,x,;, ,l,i,s,t,-,s,t,y,l,e,:, ,n,o,n,e,;,"""",>,地,方,竞,争,，,无,法,形,成,产,业,集,群,<,/,s,t,r,o,n,g,>,<,/,p,>,<,p,>,另,一,方,面,，,“,天,下,杂,志,”,还,认,为,，,中,芯,进,步,缓,慢,的,背,后,有,一,定,的,体,制,原,因,。,<,/,p,>,<,p,>,“,因,为,大,陆,幅,员,辽,阔,，,在,政,府,引,导,下,发,展,半,导,体,的,产,业,政,策,，,需,要,经,历,‘,中,央,制,定,，,地,方,执,行,’,的,过,程,，,但,地,方,政,府,之,间,有,竞,争,，,各,省,争,相,下,发,政,策,支,持,，,动,辄,就,建,百,亿,资,金,需,求,的,半,导,体,场,。,<,s,t,r,o,n,g, ,s,t,y,l,e,=,"""",m,a,r,g,i,n,:, ,0,p,x,;, ,p,a,d,d,i,n,g,:, ,0,p,x,;, ,l,i,s,t,-,s,t,y,l,e,:, ,n,o,n,e,;,"""",>,比,如,中,芯,就,在,相,隔,千,里,的,上,海,、,北,京,各,有,两,座,1,2,寸,厂,，,深,圳,和,天,津,各,有,两,座,8,寸,厂,<,/,s,t,r,o,n,g,>,。,这,样,一,来,，,不,但,难,以,形,成,半,导,体,产,业,集,群,，,使,管,理,变,得,复,杂,，,而,且,会,导,致,各,地,势,力,、,各,种,背,景,的,股,东,，,各,有,各,的,意,见,、,人,马,，,从,而,演,变,成,中,芯,内,部,派,系,斗,争,频,繁,的,最,坏,结,果,，,效,益,自,然,不,佳,。,”,<,/,p,>,<,p,>,台,媒,还,称,，,半,导,体,的,制,造,特,别,困,难,，,必,须,有,人,愿,意,长,时,间,地,烧,钱,支,持,，,但,又,不,会,常,常,干,涉,；,此,外,，,还,需,要,领,导,者,有,非,常,强,的,个,人,能,力,，,比,如,台,积,电,董,事,长,张,忠,谋,。,<,/,p,>,<,p, ,c,l,a,s,s,=,"""",f,_,c,e,n,t,e,r,"""",>,<,i,m,g, ,s,r,c,=,"""",h,t,t,p,:,/,/,c,m,s,-,b,u,c,k,e,t,.,n,o,s,d,n,.,1,2,7,.,n,e,t,/,c,a,t,c,h,p,i,c,/,6,/,6,2,/,6,2,e,6,b,5,0,e,6,0,2,1,7,0,b,7,0,e,7,8,c,8,8,0,3,0,b,1,7,e,d,6,.,j,p,g,?,i,m,a,g,e,V,i,e,w,&,t,h,u,m,b,n,a,i,l,=,5,5,0,x,0,"""", ,t,i,t,l,e,=,"""",点,击,查,看,大,图,"""", ,t,r,i,=,"""",1,"""", ,a,l,t,=,"""",点,击,查,看,大,图,"""", ,w,i,d,t,h,=,"""",5,3,0,"""", ,h,e,i,g,h,t,=,"""",3,5,4,"""", ,s,t,y,l,e,=,"""",m,a,r,g,i,n,:, ,0,p,x, ,a,u,t,o,;, ,p,a,d,d,i,n,g,:, ,0,p,x,;, ,b,o,r,d,e,r,-,w,i,d,t,h,:, ,0,p,x,;, ,b,o,r,d,e,r,-,s,t,y,l,e,:, ,i,n,i,t,i,a,l,;, ,d,i,s,p,l,a,y,:, ,b,l,o,c,k,;, ,v,e,r,t,i,c,a,l,-,a,l,i,g,n,:, ,m,i,d,d,l,e,;,"""",/,>,<,s,p,a,n, ,s,t,y,l,e,=,"""",t,e,x,t,-,a,l,i,g,n,:, ,j,u,s,t,i,f,y,;,"""",>,张,忠,谋,<,/,s,p,a,n,>,<,/,p,>,<,p,>,此,外,，,“,天,下,杂,志,”,还,说,，,在,2,0,1,4,年,《,国,家,集,成,电,路,产,业,发,展,推,进,纲,要,》,下,发,后,，,大,陆,设,立,了,产,业,发,展,基,金,，,在,重,点,高,校,成,立,示,范,性,微,电,子,学,院,，,取,得,了,立,竿,见,影,的,效,果,。,目,前,，,在,半,导,体,国,际,研,究,方,面,，,大,陆,学,者,的,曝,光,度,已,大,增,。,<,/,p,>,<,p,>,在,具,体,的,产,业,方,面,，,台,媒,援,引,业,内,人,士,的,说,法,称,，,“,大,陆,的,半,导,体,产,产,业,仍,处,于,草,创,阶,段,，,与,世,界,顶,尖,技,术,仍,有,差,距,”,。,<,/,p,>,<,p,>,其,中,，,技,术,门,槛,最,低,封,测,，,大,陆,与,国,际,领,先,技,术,之,间,的,差,距,最,小,，,三,年,前,收,购,了,新,加,坡,星,科,金,朋,的,江,苏,长,电,科,技,，,目,前,在,这,一,领,域,的,规,模,已,经,跻,身,世,界,前,三,。,<,/,p,>,<,p,>,而,在,I,C,设,计,领,域,，,华,为,旗,下,的,海,思,，,去,年,全,年,营,收,4,7,亿,美,元,，,已,成,为,全,球,第,七,大,I,C,公,司,。,台,媒,采,访,到,的,业,内,人,士,对,海,思,的,评,价,很,高,，,认,为,麒,麟,芯,片,很,先,进,，,光,是,导,入,7,纳,米,制,程,的,时,间,点,，,就,已,经,相,当,接,近,世,界,最,领,先,的,高,通,。,<,/,p,>,<,p,>,而,中,芯,主,攻,的,晶,圆,代,工,，,是,几,个,半,导,体,领,域,中,技,术,门,槛,最,高,的,，,“,但,中,芯,追,赶,台,积,电,，,追,得,很,辛,苦,，,但,获,利,仍,然,微,薄,”,。,<,/,p,>,<,p,>,<,s,t,r,o,n,g, ,s,t,y,l,e,=,"""",m,a,r,g,i,n,:, ,0,p,x,;, ,p,a,d,d,i,n,g,:, ,0,p,x,;, ,l,i,s,t,-,s,t,y,l,e,:, ,n,o,n,e,;,"""",>,外,部,封,锁,与,产,业,规,律,<,/,s,t,r,o,n,g,>,<,/,p,>,<,p,>,事,实,上,，,造,成,台,湾,和,大,陆,在,半,导,体,制,造,领,域,技,术,差,异,的,还,有,一,个,原,因,，,设,备,。,<,/,p,>,<,p,>,据,《,中,国,青,年,报,》,援,引,赛,迪,顾,问,公,司,集,成,电,路,产,业,研,究,中,心,副,总,经,理,刘,,说,法,介,绍,，,根,据,上,世,纪,签,订,的,《,瓦,森,纳,协,定,》,，,<,s,t,r,o,n,g, ,s,t,y,l,e,=,"""",m,a,r,g,i,n,:, ,0,p,x,;, ,p,a,d,d,i,n,g,:, ,0,p,x,;, ,l,i,s,t,-,s,t,y,l,e,:, ,n,o,n,e,;,"""",>,西,方,国,家,对,中,国,大,陆,进,行,设,备,出,口,是,有,限,制,的,<,/,s,t,r,o,n,g,>,，,这,很,大,程,度,上,影,响,国,内,企,业,在,芯,片,制,造,设,备,上,的,先,进,程,度,，,“,有,的,小,企,业,不,得,不,买,二,手,设,备,来,支,撑,工,厂,的,运,作,。,”,<,/,p,>,<,p,>,《,瓦,森,纳,协,定,》,全,称,《,关,于,常,规,武,器,和,两,用,物,品,及,技,术,出,口,控,制,的,瓦,森,纳,安,排,》,，,是,世,界,主,要,的,工,业,设,备,和,武,器,制,造,国,在,巴,黎,统,筹,委,员,会,解,散,后,，,于,1,9,9,6,年,成,立,的,一,个,旨,在,控,制,常,规,武,器,和,高,新,技,术,贸,易,的,国,际,性,组,织,，,拥,有,3,3,个,成,员,国,，,中,国,大,陆,不,在,其,列,，,其,主,要,目,的,是,阻,止,关,键,技,术,和,元,器,件,流,失,到,成,员,国,之,外,。,<,/,p,>,<,p,>,值,得,注,意,的,是,，,《,瓦,森,纳,协,定,》,虽,然,允,许,成,员,国,在,自,愿,的,基,础,上,对,各,自,的,技,术,出,口,实,施,控,制,，,但,实,际,上,，,成,员,国,在,重,要,的,技,术,出,口,决,策,上,受,到,美,国,的,影,响,。,而,中,国,大,陆,、,朝,鲜,、,伊,朗,、,利,比,亚,等,国,家,或,地,区,均,在,被,限,制,名,单,之,中,。,这,严,重,影,响,了,我,国,与,其,成,员,国,之,间,开,展,的,高,技,术,国,际,合,作,。,<,/,p,>,<,p,>,文,治,资,本,创,始,人,唐,德,明,在,回,国,前,曾,供,职,于,国,外,计,算,机,公,司,。,2,0,0,2,年,回,国,后,，,他,进,入,一,家,晶,圆,制,造,公,司,工,作,，,后,来,选,择,创,业,，,做,芯,片,的,研,发,设,计,。,他,发,现,，,<,s,t,r,o,n,g, ,s,t,y,l,e,=,"""",m,a,r,g,i,n,:, ,0,p,x,;, ,p,a,d,d,i,n,g,:, ,0,p,x,;, ,l,i,s,t,-,s,t,y,l,e,:, ,n,o,n,e,;,"""",>,一,些,国,内,的,企,业,即,便,制,造,了,相,关,的,生,产,设,备,也,很,少,能,有,制,造,企,业,愿,意,采,购,<,/,s,t,r,o,n,g,>,。,<,/,p,>,<,p, ,c,l,a,s,s,=,"""",f,_,c,e,n,t,e,r,"""",>,<,i,m,g, ,a,l,t,=,"""",大,陆,半,导,体,龙,头,企,业,中,芯,追,赶,台,企,为,何,那,么,辛,苦,？,"""", ,s,r,c,=,"""",h,t,t,p,:,/,/,c,m,s,-,b,u,c,k,e,t,.,n,o,s,d,n,.,1,2,7,.,n,e,t,/,c,a,t,c,h,p,i,c,/,4,/,4,b,/,4,b,4,2,8,8,b,9,1,8,b,0,4,3,7,8,9,6,2,7,2,1,e,7,a,e,5,e,3,b,8,3,.,j,p,g,?,i,m,a,g,e,V,i,e,w,&,t,h,u,m,b,n,a,i,l,=,5,5,0,x,0,"""", ,t,i,t,l,e,=,"""",点,击,查,看,大,图,"""", ,c,l,a,s,s,=,"""",b,i,g,i,m,g,"""", ,w,i,d,t,h,=,"""",5,3,0,"""", ,s,t,y,l,e,=,"""",m,a,r,g,i,n,:, ,0,p,x, ,a,u,t,o,;, ,p,a,d,d,i,n,g,:, ,0,p,x,;, ,b,o,r,d,e,r,-,w,i,d,t,h,:, ,0,p,x,;, ,b,o,r,d,e,r,-,s,t,y,l,e,:, ,i,n,i,t,i,a,l,;, ,d,i,s,p,l,a,y,:, ,b,l,o,c,k,;, ,v,e,r,t,i,c,a,l,-,a,l,i,g,n,:, ,m,i,d,d,l,e,;, ,c,u,r,s,o,r,:, ,p,o,i,n,t,e,r,;,"""",/,>,<,/,p,>,<,p,>,除,了,设,备,以,外,，,《,经,济,日,报,》,援,引,外,国,专,家,说,法,称,，,之,前,的,几,十,年,，,中,国,大,陆,富,豪,的,致,富,途,径,都,是,通,过,劳,动,密,集,产,业,，,例,如,组,装,手,机,，,借,此,吸,引,企,业,家,或,政,府,部,门,投,资,。,但,生,产,半,导,体,却,恰,巧,相,反,，,<,s,t,r,o,n,g, ,s,t,y,l,e,=,"""",m,a,r,g,i,n,:, ,0,p,x,;, ,p,a,d,d,i,n,g,:, ,0,p,x,;, ,l,i,s,t,-,s,t,y,l,e,:, ,n,o,n,e,;,"""",>,需,要,的,是,数,十,亿,预,先,投,入,的,资,本,，,等,待,回,收,可,能,需,要,花,上,十,多,年,<,/,s,t,r,o,n,g,>,，,而,中,国,大,陆,拥,有,强,大,的,资,金,实,力,可,供,投,资,半,导,体,领,域,是,近,些,年,才,有,的,事,，,这,一,资,金,密,集,型,产,业,，,需,要,多,年,蓄,力,，,才,能,取,得,成,就,。,<,/,p,>,<,p,>,以,2,0,1,6,年,为,例,，,在,积,体,电,路,资,本,支,出,方,面,，,三,星,是,1,1,3,亿,美,元,，,台,积,电,是,1,0,2,.,5,亿,美,元,，,英,特,尔,是,9,6,.,2,5,亿,美,元,，,基,本,都,在,百,亿,美,元,量,级,。,而,2,0,1,6,年,中,芯,国,际,的,资,本,支,出,是,2,6,.,2,6,亿,美,元,。,在,研,发,费,用,层,面,，,台,积,电,2,0,1,6,年,研,发,费,用,达,2,2,亿,美,元,，,而,中,芯,当,年,共,投,入,研,发,费,用,3,.,1,8,亿,美,元,。,两,者,差,距,十,分,明,显,。,<,/,p,>,<,p,>,《,经,济,日,报,》,还,称,，,长,远,来,看,，,大,陆,生,产,半,导,体,最,大,的,挑,战,或,许,还,是,技,术,取,得,。,一,般,合,理,的,解,决,方,式,是,通,过,向,美,国,公,司,购,买,技,术,或,合,伙,，,<,s,t,r,o,n,g, ,s,t,y,l,e,=,"""",m,a,r,g,i,n,:, ,0,p,x,;, ,p,a,d,d,i,n,g,:, ,0,p,x,;, ,l,i,s,t,-,s,t,y,l,e,:, ,n,o,n,e,;,"""",>,但,中,国,大,陆,对,美,国,半,导,体,公,司,的,收,购,通,常,都,会,被,以,国,家,安,全,理,由,阻,断,<,/,s,t,r,o,n,g,>,。,日,本,、,韩,国,、,中,国,台,湾,对,中,国,大,陆,的,并,购,提,案,也,都,会,进,行,类,似,的,审,查,。,据,统,计,，,中,国,大,陆,从,2,0,1,5,年,起,对,美,国,半,导,体,公,司,做,过,的,并,购,投,标,总,金,额,为,3,4,0,亿,美,元,，,但,真,正,达,成,的,只,有,4,4,亿,美,元,。,<,/,p,>,<,p,>,此,外,，,大,陆,专,业,人,才,缺,乏,也,是,制,约,半,导,体,制,造,技,术,发,展,的,重,要,原,因,。,<,/,p,>,<,p,>,《,每,日,经,济,新,闻,》,此,前,报,道,称,，,中,芯,目,前,的,技,术,团,队,中,，,本,土,化,人,才,并,不,多,，,仍,然,严,重,依,赖,外,部,人,才,。,由,于,来,自,大,陆,、,台,湾,和,海,外,三,方,面,的,员,工,共,存,，,中,芯,还,需,要,解,决,内,部,融,合,问,题,，,这,个,融,合,矛,盾,在,大,唐,电,信,入,股,后,被,激,发,，,员,工,内,讧,在,一,段,时,间,内,不,断,出,现,。,<,/,p,>,<,p,>,总,的,来,说,，,大,陆,对,半,导,体,的,人,才,培,养,和,储,备,都,还,跟,不,上,。,2,0,0,3,年,国,家,教,育,部,新,设,本,科,专,业,集,成,电,路,设,计,与,集,成,系,统,专,业,。,截,至,2,0,1,7,年,，,全,国,只,有,4,1,所,高,校,设,置,了,“,集,成,电,路,设,计,与,集,成,系,统,”,专,业,。,2,0,1,5,年,中,国,集,成,电,路,从,业,人,数,为,3,9,.,4,万,，,其,中,技,术,人,员,只,有,1,4,.,1,万,，,中,高,端,人,才,供,需,矛,盾,突,出,。,<,/,p,>,<,p,>,<,s,t,r,o,n,g, ,s,t,y,l,e,=,"""",m,a,r,g,i,n,:, ,0,p,x,;, ,p,a,d,d,i,n,g,:, ,0,p,x,;, ,l,i,s,t,-,s,t,y,l,e,:, ,n,o,n,e,;,"""",>,打,破,外,企,垄,断,，,大,陆,在,行,动,<,/,s,t,r,o,n,g,>,<,/,p,>,<,p,>,据,观,察,者,网,2,2,日,报,道,，,中,央,国,家,机,关,5,月,1,7,日,发,布,《,2,0,1,8,-,2,0,1,9,年,信,息,类,及,空,调,协,议,供,货,的,征,求,意,见,》,，,其,中,，,其,中,，,服,务,器,产,品,技,术,增,设,三,款,国,产,芯,片,―,―,龙,芯,、,飞,腾,、,申,威,。,也,即,，,服,务,器,厂,商,只,有,和,三,个,国,产,芯,片,合,作,，,研,制,国,产,芯,片,服,务,器,才,能,入,围,此,类,协,议,供,货,。,<,/,p,>,<,p,>,此,外,，,由,于,之,前,的,“,中,兴,风,波,”,，,多,家,国,内,芯,片,企,业,都,加,速,引,进,国,际,高,端,光,刻,机,。,<,/,p,>,<,p,>,<,!,-,-, ,A,D,2,0,0,x,3,0,0,_,2, ,-,-,>,"
",<,/,p,>,<,d,i,v, ,c,l,a,s,s,=,"""",g,g,2,0,0,x,3,0,0,"""",>,"
",<,d,i,v, ,c,l,a,s,s,=,"""",a,t,_,i,t,e,m, ,r,i,g,h,t,_,a,d,_,i,t,e,m,"""", ,a,d,t,y,p,e,=,"""",r,i,g,h,t,A,d,"""", ,r,e,q,u,e,s,t,u,r,l,=,"""",h,t,t,p,s,:,/,/,n,e,x,.,1,6,3,.,c,o,m,/,q,?,a,p,p,=,7,B,E,0,F,C,8,2,&,c,=,n,e,w,s,&,l,=,1,3,3,&,s,i,t,e,=,n,e,t,e,a,s,e,&,a,f,f,i,l,i,a,t,e,=,n,e,w,s,&,c,a,t,=,a,r,t,i,c,l,e,&,t,y,p,e,=,l,o,g,o,3,0,0,x,2,5,0,&,l,o,c,a,t,i,o,n,=,1,2,"""",/,>,"
",<,a, ,h,r,e,f,=,"""",j,a,v,a,s,c,r,i,p,t,:,;,"""", ,t,a,r,g,e,t,=,"""",_,s,e,l,f,"""", ,c,l,a,s,s,=,"""",a,d,_,h,o,v,e,r,_,h,r,e,f,"""",/,>,"
",<,/,d,i,v,>,<,p,>,据,日,媒,1,7,日,报,道,，,日,前,，,中,芯,已,向,全,球,最,大,的,芯,片,设,备,制,造,商,―,―,荷,兰,A,S,M,L,订,购,了,首,台,最,先,进,的,E,U,V,（,极,紫,外,线,）,光,刻,机,，,价,值,1,.,2,亿,美,元,。,目,前,，,业,内,已,达,成,共,识,，,必,须,使,用,E,U,V,光,刻,机,才,能,使,半,导,体,芯,片,进,入,7,n,m,，,甚,至,5,n,m,时,代,。,消,息,称,，,这,台,几,乎,相,当,于,中,芯,国,际,去,年,全,部,净,利,润,的,设,备,，,将,于,2,0,1,9,年,前,交,付,。,<,/,p,>,<,p,>,此,后,，,长,江,存,储,也,迎,来,了,自,己,的,第,一,台,光,刻,机,，,同,样,来,自,A,S,M,L,，,不,过,是,1,9,3,n,m,沉,浸,式,，,用,于,产,2,0,-,1,4,n,m,工,艺,的,3,D, ,N,A,N,D,闪,存,晶,圆,，,7,2,0,0,万,美,元,一,台,。,<,/,p,>,<,p,>,对,于,中,国,企,业,在,半,导,体,产,业,方,面,的,动,作,，,中,芯,C,E,O,赵,海,军,表,示,，,“,中,芯,已,处,于,有,利,位,置,，,将,抓,住,有,潜,力,的,市,场,，,并,通,过,加,速,发,展,制,造,工,艺,，,扩,大,可,预,期,的,市,场,空,间,”,。,<,/,p,>,<,p,>,一,位,接,近,中,芯,的,业,内,人,士,坦,言,，, ,中,芯,对,未,来,先,进,工,艺,做,储,备,是,意,料,之,中,的,，,也,证,明,该,公,司,对,未,来,发,展,的,路,径,非,常,清,晰,。,<,/,p,>,"
", , , , , , , , , , , , , , , , ,<,p,/,>,"
", , , , , , , , , , , , , , , , , , , , , , , , , , , , , , , , , , , , , , , , , , , , , , , , ,<,d,i,v, ,c,l,a,s,s,=,"""",e,p,-,s,o,u,r,c,e, ,c,D,G,r,a,y,"""",>,"
", , , , , , , , , , , , , , , , , , , , ,<,s,p,a,n, ,c,l,a,s,s,=,"""",l,e,f,t,"""",>,<,a, ,h,r,e,f,=,"""",h,t,t,p,:,/,/,n,e,w,s,.,1,6,3,.,c,o,m,/,"""",>,<,i,m,g, ,s,r,c,=,"""",h,t,t,p,:,/,/,i,m,g,1,.,c,a,c,h,e,.,n,e,t,e,a,s,e,.,c,o,m,/,c,n,e,w,s,/,c,s,s,1,3,/,i,m,g,/,e,n,d,_,n,e,w,s,.,p,n,g,"""", ,a,l,t,=,"""",杨,强,"""", ,w,i,d,t,h,=,"""",1,3,"""", ,h,e,i,g,h,t,=,"""",1,2,"""", ,c,l,a,s,s,=,"""",i,c,o,n,"""",/,>,<,/,a,>, ,本,文,来,源,：,观,察,者,网, , ,<,/,s,p,a,n,>,"
", , , , , , , , , , , , , , , , , , , , ,<,!,-,-,杨,强,_,N,N,6,0,2,7,-,-,>,<,s,p,a,n, ,c,l,a,s,s,=,"""",e,p,-,e,d,i,t,o,r,"""",>,责,任,编,辑,：,杨,强,_,N,N,6,0,2,7,<,/,s,p,a,n,>, , , , , , , , , , , , , , , , ,<,/,d,i,v,>,"
", , , , , , , , , , , , , , , , , , , , , , , , , , , , , , , , ,	,	,	,	,	,	,	,	, , , , , , , , , , , , ,<,/,d,i,v,>,"
", , , , , , , , , , , , , , , , , , , , , , , , , , , , , , , , 
<,d,i,v, ,c,l,a,s,s,=,"""",p,o,s,t,_,t,e,x,t,"""", ,i,d,=,"""",e,n,d,T,e,x,t,"""", ,s,t,y,l,e,=,"""",b,o,r,d,e,r,-,t,o,p,:,1,p,x, ,s,o,l,i,d, ,#,d,d,d,;,"""",>,"
", , , , , , , , , , , , , , , , , , , , , , , , , , , , , , , , ,<,p, ,c,l,a,s,s,=,"""",o,t,i,t,l,e,"""",>,"
", , , , , , , , , , , , , , , , , , , , ,（,原,标,题,：,台,湾,学,生,申,请,大,陆,大,学,人,数,激,增,，,台,相,关,学,校,校,长,被,“,关,切,”,）,"
", , , , , , , , , , , , , , , , ,<,/,p,>,"
", , , , , , , , , , , , , , , , , , , , , , , , , , , , , , , , ,<,p,>,台,湾,高,中,毕,业,生,申,请,大,陆,大,学,今,年,成,为,风,潮,，,人,数,激,增,。,不,过,，,台,湾,知,名,高,中,建,中,和,武,陵,高,中,校,长,在,为,毕,业,生,撰,写,推,荐,信,后,，,竟,然,成,为,台,教,育,部,门,等,机,构,调,查,的,对,象,，,被,外,界,质,疑,这,是,台,当,局,制,造,的,“,教,育,白,色,恐,怖,”,。,<,/,p,>,<,p, ,c,l,a,s,s,=,"""",f,_,c,e,n,t,e,r,"""",>,<,i,m,g, ,a,l,t,=,"""",台,湾,学,生,申,请,大,陆,大,学,人,数,激,增, ,台,校,长,被,关,切,"""", ,s,r,c,=,"""",h,t,t,p,:,/,/,c,r,a,w,l,.,n,o,s,d,n,.,1,2,7,.,n,e,t,/,9,2,8,c,a,9,2,4,d,8,4,e,7,1,b,0,1,3,7,6,9,e,6,b,e,6,0,c,b,3,c,6,.,j,p,g,"""", ,w,i,d,t,h,=,"""",4,9,2,"""", ,h,e,i,g,h,t,=,"""",3,4,6,"""", ,s,t,y,l,e,=,"""",m,a,r,g,i,n,:, ,0,p,x, ,a,u,t,o,;, ,d,i,s,p,l,a,y,:, ,b,l,o,c,k,;,"""",/,>,<,/,p,>,<,p,>,全,球,大,学,间,竞,争,激,烈,，,台,湾,当,地,大,学,在,资,源,相,对,不,足,的,情,况,下,，,竞,争,力,呈,现,倒,退,的,趋,势,，,许,多,台,湾,高,中,生,因,此,选,择,申,请,前,往,大,陆,读,大,学,，,为,未,来,寻,找,更,大,的,舞,台,。,建,中,及,武,陵,高,中,都,是,台,湾,的,重,点,高,中,，,今,年,这,两,所,学,校,共,有,约,1,2,0,名,毕,业,生,选,择,到,大,陆,读,大,学,。,其,中,，,武,陵,高,中,今,年,有,4,7,人,申,请,大,陆,的,大,学,，,人,数,是,去,年,的,五,倍,，,其,中,不,乏,保,送,台,大,物,理,系,的,学,生,。,两,所,高,中,的,校,长,对,此,不,谋,而,合,的,认,为,，,台,生,到,大,陆,读,大,学,成,为,风,潮,。,不,过,，,在,为,毕,业,生,写,推,荐,信,、,发,表,相,关,言,论,后,，,两,所,学,校,的,校,长,竟,成,为,台,教,育,部,门,等,机,构,调,查,的,对,象,，,甚,至,台,调,查,部,门,让,校,长,解,释,，,为,何,学,生,赴,陆,就,学,人,数,激,增,。,<,/,p,>,<,p, ,c,l,a,s,s,=,"""",f,_,c,e,n,t,e,r,"""",>,<,i,m,g, ,a,l,t,=,"""",台,湾,学,生,申,请,大,陆,大,学,人,数,激,增, ,台,校,长,被,关,切,"""", ,s,r,c,=,"""",h,t,t,p,:,/,/,c,r,a,w,l,.,n,o,s,d,n,.,1,2,7,.,n,e,t,/,5,8,a,b,f,6,4,6,4,c,3,8,2,9,4,0,9,5,2,5,c,9,8,6,b,1,4,0,5,3,1,0,.,j,p,g,"""", ,w,i,d,t,h,=,"""",4,9,9,"""", ,h,e,i,g,h,t,=,"""",3,4,2,"""", ,s,t,y,l,e,=,"""",m,a,r,g,i,n,:, ,0,p,x, ,a,u,t,o,;, ,d,i,s,p,l,a,y,:, ,b,l,o,c,k,;,"""",/,>,<,/,p,>,<,p,>,<,!,-,-, ,A,D,2,0,0,x,3,0,0,_,2, ,-,-,>,"
",<,/,p,>,<,d,i,v, ,c,l,a,s,s,=,"""",g,g,2,0,0,x,3,0,0,"""",>,"
",<,d,i,v, ,c,l,a,s,s,=,"""",a,t,_,i,t,e,m, ,r,i,g,h,t,_,a,d,_,i,t,e,m,"""", ,a,d,t,y,p,e,=,"""",r,i,g,h,t,A,d,"""", ,r,e,q,u,e,s,t,u,r,l,=,"""",h,t,t,p,s,:,/,/,n,e,x,.,1,6,3,.,c,o,m,/,q,?,a,p,p,=,7,B,E,0,F,C,8,2,&,c,=,n,e,w,s,&,l,=,1,3,3,&,s,i,t,e,=,n,e,t,e,a,s,e,&,a,f,f,i,l,i,a,t,e,=,n,e,w,s,&,c,a,t,=,a,r,t,i,c,l,e,&,t,y,p,e,=,l,o,g,o,3,0,0,x,2,5,0,&,l,o,c,a,t,i,o,n,=,1,2,"""",/,>,"
",<,a, ,h,r,e,f,=,"""",j,a,v,a,s,c,r,i,p,t,:,;,"""", ,t,a,r,g,e,t,=,"""",_,s,e,l,f,"""", ,c,l,a,s,s,=,"""",a,d,_,h,o,v,e,r,_,h,r,e,f,"""",/,>,"
",<,/,d,i,v,>,<,p,>,<,s,t,r,o,n,g,>,外,界,质,疑,台,当,局,搞,“,教,育,白,色,恐,怖,”,<,/,s,t,r,o,n,g,>,<,/,p,>,<,p,>,外,界,认,为,，,台,当,局,派,人,调,查,两,所,学,校,校,长,，,询,问,是,否,鼓,励,学,生,到,大,陆,读,书,，,根,本,就,是,在,制,造,教,育,白,色,恐,怖,。,台,大,副,教,务,长,张,耀,文,认,为,，,高,中,生,倾,向,就,读,大,陆,高,校,，,可,以,视,为,学,生,愿,意,脱,离,舒,适,圈,，,拓,展,自,我,格,局,、,挑,战,未,知,，,但,也,表,明,台,湾,高,教,环,境,正,在,恶,化,、,顶,尖,人,才,正,在,外,流,。,而,台,湾,长,期,的,低,薪,环,境,和,高,房,价,，,也,造,成,了,年,轻,人,对,未,来,前,途,充,满,不,确,定,性,。,<,/,p,>,"
", , , , , , , , , , , , , , , , ,<,p,/,>,"
", , , , , , , , , , , , , , , , , , , , , , , , , , , , , , , , , , , , , , , , , , , , , , , , ,<,d,i,v, ,c,l,a,s,s,=,"""",e,p,-,s,o,u,r,c,e, ,c,D,G,r,a,y,"""",>,"
", , , , , , , , , , , , , , , , , , , , ,<,s,p,a,n, ,c,l,a,s,s,=,"""",l,e,f,t,"""",>,<,a, ,h,r,e,f,=,"""",h,t,t,p,:,/,/,n,e,w,s,.,1,6,3,.,c,o,m,/,"""",>,<,i,m,g, ,s,r,c,=,"""",h,t,t,p,:,/,/,i,m,g,1,.,c,a,c,h,e,.,n,e,t,e,a,s,e,.,c,o,m,/,c,n,e,w,s,/,c,s,s,1,3,/,i,m,g,/,e,n,d,_,n,e,w,s,.,p,n,g,"""", ,a,l,t,=,"""",张,文,泽,"""", ,w,i,d,t,h,=,"""",1,3,"""", ,h,e,i,g,h,t,=,"""",1,2,"""", ,c,l,a,s,s,=,"""",i,c,o,n,"""",/,>,<,/,a,>, ,本,文,来,源,：,央,视,新,闻,移,动,网, , ,<,/,s,p,a,n,>,"
", , , , , , , , , , , , , , , , , , , , ,<,!,-,-,杨,强,_,N,N,6,0,2,7,-,-,>,<,s,p,a,n, ,c,l,a,s,s,=,"""",e,p,-,e,d,i,t,o,r,"""",>,责,任,编,辑,：,杨,强,_,N,N,6,0,2,7,<,/,s,p,a,n,>, , , , , , , , , , , , , , , , ,<,/,d,i,v,>,"
", , , , , , , , , , , , , , , , , , , , , , , , , , , , , , , , ,	,	,	,	,	,	,	,	, , , , , , , , , , , , ,<,/,d,i,v,>,"
", , , , , , , , , , , , , , , , , , , , , , , , , , , , , , , , 
<,d,i,v, ,c,l,a,s,s,=,"""",p,o,s,t,_,t,e,x,t,"""", ,i,d,=,"""",e,n,d,T,e,x,t,"""", ,s,t,y,l,e,=,"""",b,o,r,d,e,r,-,t,o,p,:,1,p,x, ,s,o,l,i,d, ,#,d,d,d,;,"""",>,"
", , , , , , , , , , , , , , , , , , , , , , , , , , , , , , , , ,<,p, ,c,l,a,s,s,=,"""",o,t,i,t,l,e,"""",>,"
", , , , , , , , , , , , , , , , , , , , ,（,原,标,题,：,向,中,国,出,口,军,事,技,术,？,美,财,长,犹,豫,了,一,下,后,作,出,保,证,）,"
", , , , , , , , , , , , , , , , ,<,/,p,>,"
", , , , , , , , , , , , , , , , , , , , , , , , , , , , , , , , ,<,p,>,<,s,t,r,o,n,g, ,s,t,y,l,e,=,"""",m,a,r,g,i,n,:, ,0,p,x,;, ,p,a,d,d,i,n,g,:, ,0,p,x,;, ,m,a,x,-,w,i,d,t,h,:, ,1,0,0,%,;, ,b,o,x,-,s,i,z,i,n,g,:, ,b,o,r,d,e,r,-,b,o,x,;, ,;, ,;,H,e,l,v,e,t,i,c,a, ,N,e,u,e,"""",",", ,"""",P,i,n,g,F,a,n,g, ,S,C,"""",",", ,"""",H,i,r,a,g,i,n,o, ,S,a,n,s, ,G,B,"""",",", ,"""",M,i,c,r,o,s,o,f,t, ,Y,a,H,e,i, ,U,I,"""",",", ,"""",M,i,c,r,o,s,o,f,t, ,Y,a,H,e,i,"""",",", ,A,r,i,a,l,",", ,s,a,n,s,-,s,e,r,i,f,;, ,;, ,l,e,t,t,e,r,-,s,p,a,c,i,n,g,:, ,0,.,5,4,4,p,x,;, ,b,a,c,k,g,r,o,u,n,d,-,;, ,w,o,r,d,-,w,r,a,p,:, ,b,r,e,a,k,-,w,o,r,d, ,!,i,m,p,o,r,t,a,n,t,;,"""",>,据,美,国,媒,体,报,道,，,美,国,财,政,部,长,姆,努,钦,在,周,二,的,一,场,美,国,参,议,院,听,证,会,上,称,，,美,国,将,拒,绝,任,何,试,图,削,弱,美,国,对,敏,感,军,事,技,术,出,口,限,制,的,贸,易,协,议,。,<,/,s,t,r,o,n,g,>,<,/,p,>,<,p, ,c,l,a,s,s,=,"""",f,_,c,e,n,t,e,r,"""",>,<,i,m,g, ,a,l,t,=,"""",向,中,国,出,口,军,事,技,术,?,美,财,长,犹,豫,了,一,下,后,作,出,保,证,"""", ,d,a,t,a,-,b,a,c,k,h,=,"""",3,7,3,"""", ,d,a,t,a,-,b,a,c,k,w,=,"""",5,5,9,"""", ,d,a,t,a,-,b,e,f,o,r,e,-,o,v,e,r,s,u,b,s,c,r,i,p,t,i,o,n,-,u,r,l,=,"""",h,t,t,p,s,:,/,/,m,m,b,i,z,.,q,p,i,c,.,c,n,/,m,m,b,i,z,_,j,p,g,/,w,l,C,r,B,Z,o,K,8,H,H,e,g,J,R,A,0,B,D,V,g,i,b,K,g,G,G,Y,C,V,P,2,A,y,h,e,r,4,q,V,k,e,c,I,r,J,z,K,X,G,J,i,c,8,i,c,n,2,J,w,U,H,4,h,I,S,G,u,0,q,X,W,4,C,O,w,t,c,g,v,U,i,a,S,X,X,K,X,u,w,/,0,?,w,x,_,f,m,t,=,j,p,e,g,"""", ,d,a,t,a,-,c,o,p,y,r,i,g,h,t,=,"""",0,"""", ,d,a,t,a,-,r,a,t,i,o,=,"""",0,.,6,6,7,5,9,2,5,9,2,5,9,2,5,9,2,6,"""", ,d,a,t,a,-,s,=,"""",3,0,0,",",6,4,0,"""", ,d,a,t,a,-,s,r,c,=,"""",h,t,t,p,s,:,/,/,m,m,b,i,z,.,q,p,i,c,.,c,n,/,m,m,b,i,z,_,j,p,g,/,w,l,C,r,B,Z,o,K,8,H,H,e,g,J,R,A,0,B,D,V,g,i,b,K,g,G,G,Y,C,V,P,2,A,y,h,e,r,4,q,V,k,e,c,I,r,J,z,K,X,G,J,i,c,8,i,c,n,2,J,w,U,H,4,h,I,S,G,u,0,q,X,W,4,C,O,w,t,c,g,v,U,i,a,S,X,X,K,X,u,w,/,6,4,0,?,w,x,_,f,m,t,=,j,p,e,g,"""", ,d,a,t,a,-,t,y,p,e,=,"""",j,p,e,g,"""", ,d,a,t,a,-,w,=,"""",1,0,8,0,"""", ,_,w,i,d,t,h,=,"""",1,0,0,%,"""", ,s,r,c,=,"""",h,t,t,p,:,/,/,c,m,s,-,b,u,c,k,e,t,.,n,o,s,d,n,.,1,2,7,.,n,e,t,/,9,d,3,3,5,e,6,4,f,b,1,c,4,e,b,f,b,3,5,5,d,6,2,6,f,9,e,9,2,c,9,5,2,0,1,8,0,5,2,3,1,4,5,2,4,0,.,j,p,e,g,"""", ,d,a,t,a,-,f,a,i,l,=,"""",0,"""", ,s,t,y,l,e,=,"""",m,a,r,g,i,n,:, ,0,p,x,;, ,p,a,d,d,i,n,g,:, ,0,p,x,;, ,h,e,i,g,h,t,:, ,a,u,t,o, ,!,i,m,p,o,r,t,a,n,t,;, ,m,a,x,-,w,i,d,t,h,:, ,1,0,0,%,;, ,b,o,x,-,s,i,z,i,n,g,:, ,b,o,r,d,e,r,-,b,o,x, ,!,i,m,p,o,r,t,a,n,t,;, ,w,o,r,d,-,w,r,a,p,:, ,b,r,e,a,k,-,w,o,r,d, ,!,i,m,p,o,r,t,a,n,t,;, ,w,i,d,t,h,:, ,6,6,8,p,x,;, ,v,i,s,i,b,i,l,i,t,y,:, ,v,i,s,i,b,l,e, ,!,i,m,p,o,r,t,a,n,t,;,"""",/,>,<,b,r,/,>,美,国,财,长,姆,努,钦,<,/,p,>,<,p,>,报,道,称,，,中,国,也,感,觉,到,，,他,们,想,要,美,国,放,开,限,制,中,国,购,买,美,国,敏,感,军,事,技,术,的,出,口,管,制,所,做,的,那,些,尝,试,，,正,遭,受,美,国,新,一,轮,的,抵,制,。,<,/,p,>,<,p,>,姆,努,钦,起,初,对,于,中,国,要,求,美,国,放,开,一,些,敏,感,军,事,产,品,的,出,口,限,制,持,开,放,态,度,，,但,美,国,国,防,部,坚,决,反,对,，,他,们,认,为,这,样,的,交,易,会,危,及,美,国,的,国,家,安,全,。,<,/,p,>,<,p, ,c,l,a,s,s,=,"""",f,_,c,e,n,t,e,r,"""",>,<,i,m,g, ,a,l,t,=,"""",向,中,国,出,口,军,事,技,术,?,美,财,长,犹,豫,了,一,下,后,作,出,保,证,"""", ,d,a,t,a,-,c,o,p,y,r,i,g,h,t,=,"""",0,"""", ,d,a,t,a,-,r,a,t,i,o,=,"""",0,.,6,6,6,6,6,6,6,6,6,6,6,6,6,6,6,6,"""", ,d,a,t,a,-,s,=,"""",3,0,0,",",6,4,0,"""", ,d,a,t,a,-,s,r,c,=,"""",h,t,t,p,s,:,/,/,m,m,b,i,z,.,q,p,i,c,.,c,n,/,m,m,b,i,z,_,j,p,g,/,w,l,C,r,B,Z,o,K,8,H,H,e,g,J,R,A,0,B,D,V,g,i,b,K,g,G,G,Y,C,V,P,2,A,w,U,T,b,Z,t,C,u,O,N,H,T,T,U,0,Z,z,i,b,E,i,b,s,B,C,A,o,P,A,A,N,k,e,G,F,f,N,W,Z,O,A,j,M,x,Z,L,r,2,o,f,e,L,j,K,2,w,/,6,4,0,?,w,x,_,f,m,t,=,j,p,e,g,"""", ,d,a,t,a,-,t,y,p,e,=,"""",j,p,e,g,"""", ,d,a,t,a,-,w,=,"""",1,2,0,0,"""", ,s,r,c,=,"""",h,t,t,p,:,/,/,c,m,s,-,b,u,c,k,e,t,.,n,o,s,d,n,.,1,2,7,.,n,e,t,/,f,7,9,f,3,7,1,0,9,a,4,0,4,c,a,5,9,3,4,a,5,2,f,9,5,b,4,6,1,9,a,0,2,0,1,8,0,5,2,3,1,4,5,2,4,1,.,j,p,e,g,"""", ,d,a,t,a,-,f,a,i,l,=,"""",0,"""", ,s,t,y,l,e,=,"""",m,a,r,g,i,n,:, ,0,p,x,;, ,p,a,d,d,i,n,g,:, ,0,p,x,;, ,h,e,i,g,h,t,:, ,a,u,t,o, ,!,i,m,p,o,r,t,a,n,t,;, ,m,a,x,-,w,i,d,t,h,:, ,1,0,0,%,;, ,b,o,x,-,s,i,z,i,n,g,:, ,b,o,r,d,e,r,-,b,o,x, ,!,i,m,p,o,r,t,a,n,t,;, ,w,o,r,d,-,w,r,a,p,:, ,b,r,e,a,k,-,w,o,r,d, ,!,i,m,p,o,r,t,a,n,t,;, ,w,i,d,t,h,:, ,a,u,t,o, ,!,i,m,p,o,r,t,a,n,t,;, ,v,i,s,i,b,i,l,i,t,y,:, ,v,i,s,i,b,l,e, ,!,i,m,p,o,r,t,a,n,t,;,"""",/,>,<,b,r,/,>,<,s,p,a,n, ,s,t,y,l,e,=,"""",t,e,x,t,-,a,l,i,g,n,:, ,j,u,s,t,i,f,y,;,"""",>,美,国,国,防,部,长,马,蒂,斯,<,/,s,p,a,n,>,<,/,p,>,<,p,>,<,!,-,-, ,A,D,2,0,0,x,3,0,0,_,2, ,-,-,>,"
",<,/,p,>,<,d,i,v, ,c,l,a,s,s,=,"""",g,g,2,0,0,x,3,0,0,"""",>,"
",<,d,i,v, ,c,l,a,s,s,=,"""",a,t,_,i,t,e,m, ,r,i,g,h,t,_,a,d,_,i,t,e,m,"""", ,a,d,t,y,p,e,=,"""",r,i,g,h,t,A,d,"""", ,r,e,q,u,e,s,t,u,r,l,=,"""",h,t,t,p,s,:,/,/,n,e,x,.,1,6,3,.,c,o,m,/,q,?,a,p,p,=,7,B,E,0,F,C,8,2,&,c,=,n,e,w,s,&,l,=,1,3,3,&,s,i,t,e,=,n,e,t,e,a,s,e,&,a,f,f,i,l,i,a,t,e,=,n,e,w,s,&,c,a,t,=,a,r,t,i,c,l,e,&,t,y,p,e,=,l,o,g,o,3,0,0,x,2,5,0,&,l,o,c,a,t,i,o,n,=,1,2,"""",/,>,"
",<,a, ,h,r,e,f,=,"""",j,a,v,a,s,c,r,i,p,t,:,;,"""", ,t,a,r,g,e,t,=,"""",_,s,e,l,f,"""", ,c,l,a,s,s,=,"""",a,d,_,h,o,v,e,r,_,h,r,e,f,"""",/,>,"
",<,/,d,i,v,>,<,p,>,因,此,，,姆,努,钦,在,周,二,的,美,国,参,议,院,听,证,会,上,又,“,改,口,”,称,，,<,s,t,r,o,n,g, ,s,t,y,l,e,=,"""",m,a,r,g,i,n,:, ,0,p,x,;, ,p,a,d,d,i,n,g,:, ,0,p,x,;, ,m,a,x,-,w,i,d,t,h,:, ,1,0,0,%,;, ,b,o,x,-,s,i,z,i,n,g,:, ,b,o,r,d,e,r,-,b,o,x,;, ,w,o,r,d,-,w,r,a,p,:, ,b,r,e,a,k,-,w,o,r,d, ,!,i,m,p,o,r,t,a,n,t,;,"""",>,“,出,口,管,制,条,款,绝,不,会,摆,上,桌,面,讨,论,，,在,这,个,问,题,上,我,们,绝,不,松,口,”,。,<,/,s,t,r,o,n,g,>,<,/,p,>,<,p,>,姆,努,钦,还,解,释,称,，,特,朗,普,要,求,他,必,须,更,加,积,极,主,动,地,去,审,查,涉,及,敏,感,军,工,技,术,的,行,业,交,易,。,“,我,可,以,向,大,家,保,证,，,正,如,我,之,前,所,强,调,的,，,我,们,的,这,位,总,统,非,常,执,念,于,去,保,护,美,国,的,核,心,技,术,。,”,<,/,p,>,"
", , , , , , , , , , , , , , , , ,<,p,/,>,"
", , , , , , , , , , , , , , , , , , , , , , , , , , , , , , , , , , , , , , , , , , , , , , , , ,<,d,i,v, ,c,l,a,s,s,=,"""",e,p,-,s,o,u,r,c,e, ,c,D,G,r,a,y,"""",>,"
", , , , , , , , , , , , , , , , , , , , ,<,s,p,a,n, ,c,l,a,s,s,=,"""",l,e,f,t,"""",>,<,a, ,h,r,e,f,=,"""",h,t,t,p,:,/,/,n,e,w,s,.,1,6,3,.,c,o,m,/,"""",>,<,i,m,g, ,s,r,c,=,"""",h,t,t,p,:,/,/,i,m,g,1,.,c,a,c,h,e,.,n,e,t,e,a,s,e,.,c,o,m,/,c,n,e,w,s,/,c,s,s,1,3,/,i,m,g,/,e,n,d,_,n,e,w,s,.,p,n,g,"""", ,a,l,t,=,"""",吴,毓,,"""", ,w,i,d,t,h,=,"""",1,3,"""", ,h,e,i,g,h,t,=,"""",1,2,"""", ,c,l,a,s,s,=,"""",i,c,o,n,"""",/,>,<,/,a,>, ,本,文,来,源,：,环,球,时,报,-,环,球,网, ,。,更,多,精,彩,，,请,登,录,环,球,网, ,<,a, ,r,e,l,=,"""",n,o,f,o,l,l,o,w,"""", ,h,r,e,f,=,"""",h,t,t,p,:,/,/,w,w,w,.,h,u,a,n,q,i,u,.,c,o,m,"""",>,h,t,t,p,:,/,/,w,w,w,.,h,u,a,n,q,i,u,.,c,o,m,<,/,a,>, ,<,/,s,p,a,n,>,"
", , , , , , , , , , , , , , , , , , , , ,<,!,-,-,韩,佳,鹏,_,N,N,9,8,4,1,-,-,>,<,s,p,a,n, ,c,l,a,s,s,=,"""",e,p,-,e,d,i,t,o,r,"""",>,责,任,编,辑,：,韩,佳,鹏,_,N,N,9,8,4,1,<,/,s,p,a,n,>, , , , , , , , , , , , , , , , ,<,/,d,i,v,>,"
", , , , , , , , , , , , , , , , , , , , , , , , , , , , , , , , ,	,	,	,	,	,	,	,	, , , , , , , , , , , , ,<,/,d,i,v,>,"
", , , , , , , , , , , , , , , , , , , , , , , , , , , , , , , , 
<,d,i,v, ,c,l,a,s,s,=,"""",p,o,s,t,_,t,e,x,t,"""", ,i,d,=,"""",e,n,d,T,e,x,t,"""", ,s,t,y,l,e,=,"""",b,o,r,d,e,r,-,t,o,p,:,1,p,x, ,s,o,l,i,d, ,#,d,d,d,;,"""",>,"
", , , , , , , , , , , , , , , , , , , , , , , , , , , , , , , , ,<,p, ,c,l,a,s,s,=,"""",o,t,i,t,l,e,"""",>,"
", , , , , , , , , , , , , , , , , , , , ,（,原,标,题,：,新,政,解,读,！,汽,车,进,口,关,税,降,低,1,0,%,后, ,谁,会,是,最,大,赢,家,？,）,"
", , , , , , , , , , , , , , , , ,<,/,p,>,"
", , , , , , , , , , , , , , , , , , , , , , , , , , , , , , , , ,<,p,>,5,月,2,2,日,，,经,国,务,院,批,准,关,税,税,则,委,员,会,印,发,公,告,，,自,2,0,1,8,年,7,月,1,日,起,，,将,税,率,分,别,为,2,5,%,、,2,0,%,的,汽,车,整,车,关,税,降,至,1,5,%,，,降,税,幅,度,分,别,为,4,0,%,、,2,5,%,；,将,税,率,分,别,为,8,%,、,1,0,%,、,1,5,%,、,2,0,%,、,2,5,%,的,汽,车,零,部,件,关,税,降,至,6,%,，,平,均,降,税,幅,度,4,6,%,。,<,/,p,>,<,p, ,c,l,a,s,s,=,"""",f,_,c,e,n,t,e,r,"""",>,<,i,m,g, ,s,r,c,=,"""",h,t,t,p,:,/,/,c,m,s,-,b,u,c,k,e,t,.,n,o,s,d,n,.,1,2,7,.,n,e,t,/,c,a,t,c,h,p,i,c,/,e,/,e,0,/,e,0,6,7,d,7,1,c,b,2,e,7,f,9,0,b,8,d,3,4,c,e,7,5,2,b,c,0,f,8,1,a,.,j,p,g,?,i,m,a,g,e,V,i,e,w,&,t,h,u,m,b,n,a,i,l,=,5,5,0,x,0,"""", ,t,i,t,l,e,=,"""",点,击,查,看,大,图,"""", ,t,r,i,=,"""",1,"""", ,a,l,t,=,"""",点,击,查,看,大,图,"""", ,w,i,d,t,h,=,"""",5,3,0,"""", ,h,e,i,g,h,t,=,"""",5,3,0,"""", ,s,t,y,l,e,=,"""",m,a,r,g,i,n,:, ,0,p,x, ,a,u,t,o,;, ,p,a,d,d,i,n,g,:, ,0,p,x,;, ,b,o,r,d,e,r,-,w,i,d,t,h,:, ,0,p,x,;, ,b,o,r,d,e,r,-,s,t,y,l,e,:, ,i,n,i,t,i,a,l,;, ,d,i,s,p,l,a,y,:, ,b,l,o,c,k,;, ,v,e,r,t,i,c,a,l,-,a,l,i,g,n,:, ,m,i,d,d,l,e,;,"""",/,>,<,/,p,>,<,p,>,根,据,公,告,显,示,，,国,家,为,进,一,步,扩,大,改,革,开,放,，,推,动,供,给,侧,结,构,性,改,革,，,促,进,汽,车,产,业,转,型,升,级,，,满,足,人,民,群,众,消,费,需,求,，,给,国,内,消,费,者,带,来,更,丰,富,更,实,惠,的,消,费,体,验,。,因,此,，,决,定,降,低,汽,车,整,车,及,零,部,件,进,口,关,税,。,<,/,p,>,<,p,>,<,s,t,r,o,n,g, ,s,t,y,l,e,=,"""",m,a,r,g,i,n,:, ,0,p,x,;, ,p,a,d,d,i,n,g,:, ,0,p,x,;, ,l,i,s,t,-,s,t,y,l,e,:, ,n,o,n,e,;,"""",>,降,低,关,税,有,何,意,义,？,促,进,我,国,汽,车,产,业,转,型,升,级,<,/,s,t,r,o,n,g,>,<,/,p,>,<,p,>,新,中,国,成,立,之,初,，,中,国,只,有,汽,车,使,用,和,维,修,业,，,直,到,1,9,5,3,年,，,第,一,汽,车,制,造,厂,在,长,春,动,工,兴,建,，,1,9,5,6,年,国,产,第,一,辆,解,放,牌,载,货,汽,车,驶,下,总,装,配,生,产,线,，,结,束,了,中,国,不,能,自,己,制,造,汽,车,的,历,史,。,<,/,p,>,<,p, ,c,l,a,s,s,=,"""",f,_,c,e,n,t,e,r,"""",>,<,i,m,g, ,s,r,c,=,"""",h,t,t,p,:,/,/,c,m,s,-,b,u,c,k,e,t,.,n,o,s,d,n,.,1,2,7,.,n,e,t,/,c,a,t,c,h,p,i,c,/,f,/,f,6,/,f,6,d,3,4,c,d,8,4,d,7,1,e,f,3,7,1,0,0,f,7,0,c,3,d,3,9,7,8,1,2,d,.,j,p,g,?,i,m,a,g,e,V,i,e,w,&,t,h,u,m,b,n,a,i,l,=,5,5,0,x,0,"""", ,t,i,t,l,e,=,"""",点,击,查,看,大,图,"""", ,t,r,i,=,"""",1,"""", ,a,l,t,=,"""",点,击,查,看,大,图,"""", ,w,i,d,t,h,=,"""",4,0,0,"""", ,h,e,i,g,h,t,=,"""",5,2,5,"""", ,s,t,y,l,e,=,"""",m,a,r,g,i,n,:, ,0,p,x, ,a,u,t,o,;, ,p,a,d,d,i,n,g,:, ,0,p,x,;, ,b,o,r,d,e,r,-,w,i,d,t,h,:, ,0,p,x,;, ,b,o,r,d,e,r,-,s,t,y,l,e,:, ,i,n,i,t,i,a,l,;, ,d,i,s,p,l,a,y,:, ,b,l,o,c,k,;, ,v,e,r,t,i,c,a,l,-,a,l,i,g,n,:, ,m,i,d,d,l,e,;,"""",/,>,<,s,p,a,n, ,s,t,y,l,e,=,"""",t,e,x,t,-,a,l,i,g,n,:, ,j,u,s,t,i,f,y,;,"""",>,9,0,年,代,国,内,汽,车,报,价,<,/,s,p,a,n,>,<,/,p,>,<,p,>,改,革,开,放,后,，,中,国,汽,车,工,业,飞,速,发,展,。,在,此,期,间,，,我,国,的,汽,车,工,业,尤,其,是,轿,车,工,业,技,术,进,步,的,步,伐,大,大,加,快,，,新,车,型,层,出,不,穷,。,科,技,新,步,伐,加,快,，,整,车,技,术,特,别,是,环,保,指,标,大,幅,度,提,高,，,电,动,汽,车,开,发,初,见,进,展,。,与,国,外,汽,车,巨,头,的,生,产,与,营,销,合,作,步,伐,明,显,加,快,，,引,进,国,外,企,业,的,资,金,，,技,术,和,管,理,的,力,度,不,断,加,深,。,企,业,组,织,结,构,调,整,稳,步,前,进,。,<,/,p,>,<,p,>,根,据,中,国,公,安,部,的,数,据,显,示,，,<,s,t,r,o,n,g, ,s,t,y,l,e,=,"""",m,a,r,g,i,n,:, ,0,p,x,;, ,p,a,d,d,i,n,g,:, ,0,p,x,;, ,l,i,s,t,-,s,t,y,l,e,:, ,n,o,n,e,;,"""",>,截,至,2,0,1,7,年,底,，,中,国,机,动,车,保,有,量,达,3,.,1,0,亿,辆,，,其,中,汽,车,2,.,1,7,亿,辆,；,机,动,车,驾,驶,人,达,3,.,8,5,亿,人,，,其,中,汽,车,驾,驶,人,3,.,4,2,亿,人,。,预,计,到,2,0,2,0,年,中,国,汽,车,保,有,量,达,6,.,3,亿,辆,，,或,成,为,全,球,第,一,<,/,s,t,r,o,n,g,>,。,<,/,p,>,<,p,>,<,s,t,r,o,n,g, ,s,t,y,l,e,=,"""",m,a,r,g,i,n,:, ,0,p,x,;, ,p,a,d,d,i,n,g,:, ,0,p,x,;, ,l,i,s,t,-,s,t,y,l,e,:, ,n,o,n,e,;,"""",>,车,企,纷,纷,回,应, ,最,快,官,降,的,竟,然,是,他,？,<,/,s,t,r,o,n,g,>,<,/,p,>,<,p,>,宝,马,对,外,表,示,：,“,我,们,非,常,欢,迎,政,府,的,决,定,，,此,举,释,放,了,一,个,很,强,的,信,号,，,中,国,将,继,续,开,放,。, ,这,一,政,策,也,将,使,消,费,者,受,益,并,有,助,于,进,一,步,提,升,市,场,的,活,力,。,我,们,将,评,估,目,前,的,建,议,零,售,价,格,体,系,积,极,回,应,政,府,的,举,措,。,<,/,p,>,<,p,>,奥,迪,中,国,称,：,“,我,们,非,常,欢,迎,中,国,进,一,步,推,动,市,场,开,放,的,举,措,。,我,们,将,仔,细,了,解,与,评,估,此,举,对,汽,车,市,场,带,来,的,影,响,，,并,采,取,相,应,措,施,。,”,<,/,p,>,<,p,>,沃,尔,沃,汽,车,回,复,称,：,“,沃,尔,沃,汽,车,对,中,国,下,调,汽,车,进,口,关,税,表,示,欢,迎,。,为,最,大,程,度,地,惠,及,消,费,者,，,目,前,，,沃,尔,沃,正,积,极,开,展,对,此,项,政,策,的,评,估,，,具,体,信,息,将,尽,快,向,外,界,公,布,。,”,<,/,p,>,<,p,>,但,是,，,最,快,采,取,实,际,行,动,官,降,的,是,特,斯,拉,。,根,据,网,易,财,经,从,特,斯,拉,线,下,门,店,获,得,的,一,份,调,价,文,件,显,示,，,自,今,年,7,月,1,日,起,，,特,斯,拉,在,华,销,售,的,车,型,将,全,面,降,价,，,根,据,不,同,的,车,型,，,降,价,幅,度,从,4,万,元,到,9,万,元,不,等,。,其,中,，,特,斯,拉,M,X,P,1,0,0,D,的,降,价,幅,度,超,过,9,万,元,。,<,/,p,>,<,p, ,c,l,a,s,s,=,"""",f,_,c,e,n,t,e,r,"""",>,<,i,m,g, ,s,r,c,=,"""",h,t,t,p,:,/,/,c,m,s,-,b,u,c,k,e,t,.,n,o,s,d,n,.,1,2,7,.,n,e,t,/,c,a,t,c,h,p,i,c,/,3,/,3,0,/,3,0,9,f,6,2,a,6,c,1,9,7,0,3,1,6,9,d,9,3,3,0,d,9,d,3,9,f,6,3,a,5,.,j,p,e,g,?,i,m,a,g,e,V,i,e,w,&,t,h,u,m,b,n,a,i,l,=,5,5,0,x,0,"""", ,t,i,t,l,e,=,"""",点,击,查,看,大,图,"""", ,t,r,i,=,"""",1,"""", ,a,l,t,=,"""",点,击,查,看,大,图,"""", ,w,i,d,t,h,=,"""",5,3,0,"""", ,h,e,i,g,h,t,=,"""",1,1,3,"""", ,s,t,y,l,e,=,"""",m,a,r,g,i,n,:, ,0,p,x, ,a,u,t,o,;, ,p,a,d,d,i,n,g,:, ,0,p,x,;, ,b,o,r,d,e,r,-,w,i,d,t,h,:, ,0,p,x,;, ,b,o,r,d,e,r,-,s,t,y,l,e,:, ,i,n,i,t,i,a,l,;, ,d,i,s,p,l,a,y,:, ,b,l,o,c,k,;, ,v,e,r,t,i,c,a,l,-,a,l,i,g,n,:, ,m,i,d,d,l,e,;,"""",/,>,<,/,p,>,<,p,>,但,值,得,注,意,的,是,，,上,述,特,斯,拉,调,价,数,据,并,不,准,确,，,最,终,的,数,字,要,以,特,斯,拉,中,国,官,方,公,布,的,数,据,为,准,。,<,/,p,>,<,p,>,<,s,t,r,o,n,g, ,s,t,y,l,e,=,"""",m,a,r,g,i,n,:, ,0,p,x,;, ,p,a,d,d,i,n,g,:, ,0,p,x,;, ,l,i,s,t,-,s,t,y,l,e,:, ,n,o,n,e,;,"""",>,中,国,车,市,竞,争,加,剧, ,合,资,车,短,期,内,会,受,到,冲,击,<,/,s,t,r,o,n,g,>,<,/,p,>,<,p,>,根,据,彭,博,社,的,消,息,，,中,国,汽,车,工,业,协,会,秘,书,长,助,理,许,海,东,向,媒,体,表,示,：,“,<,s,t,r,o,n,g, ,s,t,y,l,e,=,"""",m,a,r,g,i,n,:, ,0,p,x,;, ,p,a,d,d,i,n,g,:, ,0,p,x,;, ,l,i,s,t,-,s,t,y,l,e,:, ,n,o,n,e,;,"""",>,本,次,下,调,关,税,属,于,意,料,之,中,。,降,低,汽,车,整,车,及,零,部,件,关,税,一,直,都,是,计,划,之,中,的,事,项,，,是,兑,现,承,诺,的,表,现,。,本,次,降,税,有,望,导,致,国,内,车,市,价,格,传,导,性,下,降,，,降,税,比,例,得,当,，,对,国,产,车,企,冲,击,不,大,<,/,s,t,r,o,n,g,>,。,”,<,/,p,>,<,p,>,此,次,，,国,家,正,式,降,低,汽,车,整,车,及,零,部,件,进,口,关,税,有,助,于,自,主,品,牌,汽,车,发,展,，,提,升,竞,争,力,，,促,进,汽,车,产,业,升,级,。,相,关,分,析,人,士,表,示,，,短,期,来,看,，,会,一,定,程,度,上,让,对,国,产,车,有,冲,击,。,但,是,，,<,s,t,r,o,n,g, ,s,t,y,l,e,=,"""",m,a,r,g,i,n,:, ,0,p,x,;, ,p,a,d,d,i,n,g,:, ,0,p,x,;, ,l,i,s,t,-,s,t,y,l,e,:, ,n,o,n,e,;,"""",>,长,远,看,过,分,的,“,溺,爱,”,只,会,让,自,主,企,业,沉,浸,在,舒,适,区,而,怠,于,进,步,，,最,终,被,行,业,的,飞,速,迭,代,所,淘,汰,。,一,味,地,“,逆,向,研,发,”,和,“,皮,尺,造,车,”,不,会,真,正,提,高,我,国,汽,车,工,业,水,平,，,只,有,不,断,真,正,提,升,产,品,力,才,能,在,实,质,上,打,败,海,外,车,企,<,/,s,t,r,o,n,g,>,。,<,/,p,>,<,p,>,<,s,t,r,o,n,g, ,s,t,y,l,e,=,"""",m,a,r,g,i,n,:, ,0,p,x,;, ,p,a,d,d,i,n,g,:, ,0,p,x,;, ,l,i,s,t,-,s,t,y,l,e,:, ,n,o,n,e,;,"""",>,谁,是,最,大,赢,家,―,―,普,通,消,费,者,们,？,<,/,s,t,r,o,n,g,>,<,/,p,>,<,p,>,进,口,关,税,=,完,税,价,格,×,关,税,税,率,<,/,p,>,<,p,>,进,口,消,费,税,=,(,完,税,价,格,+,进,口,关,税,),÷,(,1,-,进,口,消,费,税,税,率,),×, ,进,口,消,费,税,税,率,<,/,p,>,<,p,>,进,口,增,值,税,=,(,完,税,价,格,+,进,口,关,税,+,进,口,消,费,税,),×, ,增,值,税,税,率,<,/,p,>,<,p,>,目,前,汽,车,的,进,口,关,税,税,率,是,2,5,%,，,增,值,税,税,率,为,1,7,%,，,而,进,口,消,费,税,的,税,率,主,要,依,据,发,动,机,排,量,而,定,，,税,率,从,1,%,~,4,0,%,不,等,。,<,/,p,>,<,p, ,c,l,a,s,s,=,"""",f,_,c,e,n,t,e,r,"""",>,<,i,m,g, ,s,r,c,=,"""",h,t,t,p,:,/,/,c,m,s,-,b,u,c,k,e,t,.,n,o,s,d,n,.,1,2,7,.,n,e,t,/,c,a,t,c,h,p,i,c,/,4,/,4,0,/,4,0,1,9,8,2,b,2,2,3,b,7,d,c,b,f,6,6,d,2,f,b,b,7,d,d,c,5,0,d,6,e,.,p,n,g,?,i,m,a,g,e,V,i,e,w,&,t,h,u,m,b,n,a,i,l,=,5,5,0,x,0,"""", ,t,i,t,l,e,=,"""",点,击,查,看,大,图,"""", ,t,r,i,=,"""",1,"""", ,a,l,t,=,"""",点,击,查,看,大,图,"""", ,w,i,d,t,h,=,"""",5,3,0,"""", ,h,e,i,g,h,t,=,"""",2,8,8,"""", ,s,t,y,l,e,=,"""",m,a,r,g,i,n,:, ,0,p,x, ,a,u,t,o,;, ,p,a,d,d,i,n,g,:, ,0,p,x,;, ,b,o,r,d,e,r,-,w,i,d,t,h,:, ,0,p,x,;, ,b,o,r,d,e,r,-,s,t,y,l,e,:, ,i,n,i,t,i,a,l,;, ,d,i,s,p,l,a,y,:, ,b,l,o,c,k,;, ,v,e,r,t,i,c,a,l,-,a,l,i,g,n,:, ,m,i,d,d,l,e,;,"""",/,>,<,/,p,>,<,p,>,<,!,-,-, ,A,D,2,0,0,x,3,0,0,_,2, ,-,-,>,"
",<,/,p,>,<,d,i,v, ,c,l,a,s,s,=,"""",g,g,2,0,0,x,3,0,0,"""",>,"
",<,d,i,v, ,c,l,a,s,s,=,"""",a,t,_,i,t,e,m, ,r,i,g,h,t,_,a,d,_,i,t,e,m,"""", ,a,d,t,y,p,e,=,"""",r,i,g,h,t,A,d,"""", ,r,e,q,u,e,s,t,u,r,l,=,"""",h,t,t,p,s,:,/,/,n,e,x,.,1,6,3,.,c,o,m,/,q,?,a,p,p,=,7,B,E,0,F,C,8,2,&,c,=,n,e,w,s,&,l,=,1,3,3,&,s,i,t,e,=,n,e,t,e,a,s,e,&,a,f,f,i,l,i,a,t,e,=,n,e,w,s,&,c,a,t,=,a,r,t,i,c,l,e,&,t,y,p,e,=,l,o,g,o,3,0,0,x,2,5,0,&,l,o,c,a,t,i,o,n,=,1,2,"""",/,>,"
",<,a, ,h,r,e,f,=,"""",j,a,v,a,s,c,r,i,p,t,:,;,"""", ,t,a,r,g,e,t,=,"""",_,s,e,l,f,"""", ,c,l,a,s,s,=,"""",a,d,_,h,o,v,e,r,_,h,r,e,f,"""",/,>,"
",<,/,d,i,v,>,<,p,>,目,前,，,国,内,进,口,车,的,价,格,主,要,由,5,部,分,构,成,，,即,：,到,岸,价,(,国,外,裸,车,价,格,),、,关,税,、,消,费,税,、,增,值,税,和,经,销,商,费,用,包,括,车,辆,运,输,费,用,，,报,商,检,的,费,用,，,集,港,仓,储,费,用,，,许,可,证,费,用,，,经,销,商,利,润,。,<,/,p,>,<,p,>,排,量,为,4,.,0,L,以,上,的,进,口,车,可,节,省,税,费,成,本,超,过,2,0,%,。,如,果,进,口,车,排,量,为,2,.,5,L,-,3,.,0,L,，,原,总,税,率,为,6,6,.,1,9,%,，,降,税,后,总,税,率,为,5,1,.,5,8,%,，,预,期,可,节,省,税,费,成,本,约,1,4,.,6,1,%,。,<,s,t,r,o,n,g, ,s,t,y,l,e,=,"""",m,a,r,g,i,n,:, ,0,p,x,;, ,p,a,d,d,i,n,g,:, ,0,p,x,;, ,l,i,s,t,-,s,t,y,l,e,:, ,n,o,n,e,;,"""",>,举,个,例,子,，,一,辆,7,0,万,元,左,右,的,进,口,汽,车,，,关,税,下,调,幅,度,约,为,4,万,元,左,右,。,<,/,s,t,r,o,n,g,>,<,/,p,>,"
", , , , , , , , , , , , , , , , ,<,p,/,>,"
", , , , , , , , , , , , , , , , , , , , , , , , , , , , , , , , , , , , , , , , , , , , , , , , ,<,d,i,v, ,c,l,a,s,s,=,"""",e,p,-,s,o,u,r,c,e, ,c,D,G,r,a,y,"""",>,"
", , , , , , , , , , , , , , , , , , , , ,<,s,p,a,n, ,c,l,a,s,s,=,"""",l,e,f,t,"""",>,<,a, ,h,r,e,f,=,"""",h,t,t,p,:,/,/,n,e,w,s,.,1,6,3,.,c,o,m,/,"""",>,<,i,m,g, ,s,r,c,=,"""",h,t,t,p,:,/,/,i,m,g,1,.,c,a,c,h,e,.,n,e,t,e,a,s,e,.,c,o,m,/,c,n,e,w,s,/,c,s,s,1,3,/,i,m,g,/,e,n,d,_,n,e,w,s,.,p,n,g,"""", ,a,l,t,=,"""",郭,萍,"""", ,w,i,d,t,h,=,"""",1,3,"""", ,h,e,i,g,h,t,=,"""",1,2,"""", ,c,l,a,s,s,=,"""",i,c,o,n,"""",/,>,<,/,a,>, ,本,文,来,源,：,观,察,者,网, , ,<,/,s,p,a,n,>,"
", , , , , , , , , , , , , , , , , , , , ,<,!,-,-,郭,萍,_,B,7,4,4,2,-,-,>,<,s,p,a,n, ,c,l,a,s,s,=,"""",e,p,-,e,d,i,t,o,r,"""",>,责,任,编,辑,：,郭,萍,_,B,7,4,4,2,<,/,s,p,a,n,>, , , , , , , , , , , , , , , , ,<,/,d,i,v,>,"
", , , , , , , , , , , , , , , , , , , , , , , , , , , , , , , , ,	,	,	,	,	,	,	,	, , , , , , , , , , , , ,<,/,d,i,v,>,"
", , , , , , , , , , , , , , , , , , , , , , , , , , , , , , , , 
<,d,i,v, ,c,l,a,s,s,=,"""",p,o,s,t,_,t,e,x,t,"""", ,i,d,=,"""",e,n,d,T,e,x,t,"""", ,s,t,y,l,e,=,"""",b,o,r,d,e,r,-,t,o,p,:,1,p,x, ,s,o,l,i,d, ,#,d,d,d,;,"""",>,"
", , , , , , , , , , , , , , , , , , , , , , , , , , , , , , , , ,<,p, ,c,l,a,s,s,=,"""",o,t,i,t,l,e,"""",>,"
", , , , , , , , , , , , , , , , , , , , ,（,原,标,题,：,“,严,书,记,事,件,”,最,大,的,受,害,者,是,谁,？,）,"
", , , , , , , , , , , , , , , , ,<,/,p,>,"
", , , , , , , , , , , , , , , , , , , , , , , , , , , , , , , , ,<,p,>,随,着,严,书,记,被,调,查,，,“,严,书,记,事,件,”,告,一,段,落,。,“,吃,瓜,群,众,”,还,在,津,津,乐,道,，,话,题,的,中,心,大,多,是,严,夫,人,―,―,有,人,在,为,她,“,喝,彩,”,，,“,誉,”,她,为,“,反,腐,先,锋,”,；,有,人,想,为,她,送,匾,，,称,她,为,“,坑,夫,模,范,”,。,已,经,掉,到,坑,里,的,“,严,书,记,”,，,自,然,也,少,不,了,被,指,指,点,点,。,然,而,，,几,乎,没,有,人,关,注,“,严,书,记,女,儿,”,，,就,是,那,个,叫,“,严,文,君,”,的,小,女,孩,儿,。,<,/,p,>,<,p,>,现,在,的,严,文,君,是,什,么,状,态,？,她,还,在,那,所,幼,儿,园,吗,？,她,对,突,如,其,来,的,变,故,是,什,么,反,应,？,虽,然,未,经,考,证,，,却,也,不,难,想,像,。,自,从,“,出,事,”,之,后,，,她,可,能,就,没,有,再,见,到,书,记,爸,爸,了,，,一,向,飞,扬,跋,扈,的,夫,人,妈,妈,变,得,垂,头,丧,气,。,以,前,所,到,之,处,都,是,笑,脸,相,迎,，,现,在,看,到,的,却,都,是,异,样,的,目,光,。,她,可,能,被,关,在,了,家,里,，,没,人,跟,她,说,具,体,的,原,因,，,但,她,肯,定,感,觉,到,了,变,化,。,她,已,经,熟,悉,且,习,惯,的,世,界,崩,塌,了,，,她,再,也,找,不,到,“,公,主,”,的,感,觉,，,她,不,明,就,里,，,她,张,皇,失,措,…,…,<,/,p,>,<,p,>,落,差,之,大,，,形,同,云,泥,。,成,年,人,都,难,以,承,受,，,六,七,岁,的,孩,子,情,何,以,堪,？,！,每,思,及,此,，,就,不,由,得,为,她,担,心,。,<,/,p,>,<,p,>,不,能,说,她,是,“,无,辜,”,的,，,毕,竟,变,故,是,因,她,“,打,人,”,而,起,；,但,一,个,六,七,岁,的,孩,子,，,而,且,是,一,个,幼,女,，,怎,么,就,养,成,了,打,人,的,习,惯,？,难,道,是,天,生,的,乖,张,吗,？,追,根,溯,源,，,人,们,不,得,不,把,目,光,再,次,转,向,她,的,母,亲,―,―,严,夫,人,！,<,/,p,>,<,p,>,母,亲,是,人,生,的,第,一,任,老,师,，,也,是,最,重,要,的,老,师,。,因,为,人,与,母,亲,接,触,的,最,早,，,相,处,的,时,间,最,长,。,<,/,p,>,<,p,>,更,重,要,的,是,，,在,最,具,决,定,性,的,人,生,阶,段,，,也,就,是,7,岁,之,前,，,人,的,大,多,数,时,间,都,是,与,母,亲,在,一,起,。,古,代,没,有,公,共,的,幼,儿,园,或,托,儿,所,，,自,不,待,言,；,即,使,是,当,今,有,了,幼,儿,园,及,亲,子,园,，,母,亲,陪,伴,孩,子,的,时,间,也,是,其,他,任,何,人,都,无,法,比,拟,的,。,具,体,到,严,书,记,一,家,更,是,如,此,，,因,为,书,记,都,是,“,日,理,万,机,”,，,根,本,无,暇,顾,及,孩,子,。,<,/,p,>,<,p,>,模,仿,产,生,行,为,，,行,为,养,成,习,惯,，,习,惯,塑,造,性,格,，,性,格,决,定,命,运,。,也,就,是,说,，,人,的,一,生,都,是,从,模,仿,开,始,的,。,走,路,、,说,话,、,吃,饭,、,穿,衣,，,无,不,是,“,有,样,学,样,”,。,那,么,，,模,仿,谁,呢,？,当,然,首,先,是,母,亲,，,因,为,每,天,睁,开,眼,睛,首,先,看,到,的,是,母,亲,，,相,处,时,间,最,长,的,也,是,母,亲,。,母,亲,的,一,颦,一,笑,、,一,言,一,行,，,都,是,孩,子,模,仿,的,对,象,。,因,此,，,孩,子,的,行,为,习,惯,乃,至,性,格,养,成,，,在,很,大,程,度,上,取,决,于,母,亲,。,<,/,p,>,<,p,>,<,!,-,-, ,A,D,2,0,0,x,3,0,0,_,2, ,-,-,>,"
",<,/,p,>,<,d,i,v, ,c,l,a,s,s,=,"""",g,g,2,0,0,x,3,0,0,"""",>,"
",<,d,i,v, ,c,l,a,s,s,=,"""",a,t,_,i,t,e,m, ,r,i,g,h,t,_,a,d,_,i,t,e,m,"""", ,a,d,t,y,p,e,=,"""",r,i,g,h,t,A,d,"""", ,r,e,q,u,e,s,t,u,r,l,=,"""",h,t,t,p,s,:,/,/,n,e,x,.,1,6,3,.,c,o,m,/,q,?,a,p,p,=,7,B,E,0,F,C,8,2,&,c,=,n,e,w,s,&,l,=,1,3,3,&,s,i,t,e,=,n,e,t,e,a,s,e,&,a,f,f,i,l,i,a,t,e,=,n,e,w,s,&,c,a,t,=,a,r,t,i,c,l,e,&,t,y,p,e,=,l,o,g,o,3,0,0,x,2,5,0,&,l,o,c,a,t,i,o,n,=,1,2,"""",/,>,"
",<,a, ,h,r,e,f,=,"""",j,a,v,a,s,c,r,i,p,t,:,;,"""", ,t,a,r,g,e,t,=,"""",_,s,e,l,f,"""", ,c,l,a,s,s,=,"""",a,d,_,h,o,v,e,r,_,h,r,e,f,"""",/,>,"
",<,/,d,i,v,>,<,p,>,桑,枝,要,小,弯,，,孩,子,须,早,教,。,“,儿,童,性,格,涵,养,教,学,法,”,理,论,认,为,，,0,至,7,岁,是,模,仿,的,敏,感,期,和,关,键,期,。,这,个,年,龄,阶,段,，,行,为,主,要,是,模,仿,，,重,复,的,次,数,多,了,，,就,会,形,成,习,惯,。,显,而,易,见,，,严,文,君,的,任,性,就,是,从,她,母,亲,那,儿,学,来,的,。,你,看,，,严,公,主,一,语,不,合,就,要,打,人,，,严,夫,人,一,言,既,出,就,要,开,人,―,―,母,女,二,人,，,何,其,相,似,！,其,母,“,坑,夫,”,又,“,坑,女,”,，,贻,笑,世,人,，,已,不,足,惜,；,只,是,小,小,的,文,君,，,懵,懵,懂,懂,就,被,母,所,误,，,实,在,可,怜,！,<,/,p,>,<,p,>,“,孟,母,三,迁,”,“,岳,母,刺,字,”,，,颜,徵,在,带,着,年,幼,的,孔,子,迁,居,曲,阜,…,…,史,上,关,于,家,教,的,经,典,掌,故,，,母,亲,都,是,主,角,。,生,儿,育,女,，,惟,母,为,大,。,育,儿,绝,非,儿,戏,，,每,一,位,母,亲,都,要,清,楚,自,己,肩,负,的,重,任,！,<,/,p,>,"
", , , , , , , , , , , , , , , , ,<,p,/,>,"
", , , , , , , , , , , , , , , , , , , , , , , , , , , , , , , , , , , , , , , , , , , , , , , , ,<,d,i,v, ,c,l,a,s,s,=,"""",e,p,-,s,o,u,r,c,e, ,c,D,G,r,a,y,"""",>,"
", , , , , , , , , , , , , , , , , , , , ,<,s,p,a,n, ,c,l,a,s,s,=,"""",l,e,f,t,"""",>,<,a, ,h,r,e,f,=,"""",h,t,t,p,:,/,/,n,e,w,s,.,1,6,3,.,c,o,m,/,"""",>,<,i,m,g, ,s,r,c,=,"""",h,t,t,p,:,/,/,i,m,g,1,.,c,a,c,h,e,.,n,e,t,e,a,s,e,.,c,o,m,/,c,n,e,w,s,/,c,s,s,1,3,/,i,m,g,/,e,n,d,_,n,e,w,s,.,p,n,g,"""", ,a,l,t,=,"""",纪,珂,"""", ,w,i,d,t,h,=,"""",1,3,"""", ,h,e,i,g,h,t,=,"""",1,2,"""", ,c,l,a,s,s,=,"""",i,c,o,n,"""",/,>,<,/,a,>, ,本,文,来,源,：,红,网, , ,作,者,：,盛,大,林,<,/,s,p,a,n,>,"
", , , , , , , , , , , , , , , , , , , , ,<,!,-,-,纪,珂,_,b,6,4,9,2,-,-,>,<,s,p,a,n, ,c,l,a,s,s,=,"""",e,p,-,e,d,i,t,o,r,"""",>,责,任,编,辑,：,纪,珂,_,b,6,4,9,2,<,/,s,p,a,n,>, , , , , , , , , , , , , , , , ,<,/,d,i,v,>,"
", , , , , , , , , , , , , , , , , , , , , , , , , , , , , , , , ,	,	,	,	,	,	,	,	, , , , , , , , , , , , ,<,/,d,i,v,>,"
", , , , , , , , , , , , , , , , , , , , , , , , , , , , , , , , 
