title,content
阿里集体婚礼马云证婚：内部结婚家庭和谐，都要加班不用请假,"<div>
					<p>澎湃新闻记者 杨鑫</p>
					<p>
							2018-05-10 18:22<span> 来源：澎湃新闻</span>
					</p>
					</div><div class=""news_txt"" data-size=""standard""><p><div style=""text-align:center;""><img src=""https://feedx.net/rss/function/getimg.php?img=http://image.thepaper.cn/www/image/7/654/502.jpg"" width=""600"" height=""398"" style=""margin:0.7em 0"" /></div><span style=""color: margin:0 0 0.7em"">马云参加第13届阿里日集体婚礼</span></p><p>5月10日，阿里巴巴在杭州西溪园区举行了第13届阿里日集体婚礼，该公司董事局主席马云身穿中式长衫，特地戴了眼镜，牵着两个花童出场亲自证婚。</p><p>马云向台下的新人们说：“内部人结婚是否一定会生出很漂亮的人、很聪明的人，我没法论证，但是有一点是肯定的，阿里巴巴内部和内部的结婚，家庭和谐，一般都会很好，因为两个人都要加班，不用请假。”</p><p>今年阿里日集体婚礼共有1102对新人报名，为史上最多。1102对报名者中，有双职工212对，平均年龄28岁。最终幸运入选集体婚礼的117对新人，有来自以色列、印度、澳大利亚、英国的12对海外员工，还有淘宝直播的主播、菜鸟驿站员工、阿里园区花店员工等伙伴。</p><p>当天的阿里日，在亲友见面会环节，阿里CPO（首席人才官）童文红透露，阿里一共6万多名员工，男女比例在互联网公司里算是比较合理的，为1.9：1，平均年龄只有31岁不到，而且集团75%的员工年龄都在35岁以下，这也给员工父母们吃了一颗定心丸。</p><p><div style=""text-align:center;""><img src=""https://feedx.net/rss/function/getimg.php?img=http://image.thepaper.cn/www/image/7/654/503.jpg"" width=""600"" height=""401"" style=""margin:0.7em 0"" /></div><span style=""color: margin:0 0 0.7em"">马云在婚礼现场</span></p><p>算上现场集体婚礼证婚以及婚书证婚，马云至今已经为6500多对新人证婚。</p><p>马云证婚词科技范满满：“最近流行AI，还有算法。但是真正的算法、婚姻的算法是什么，婚姻是算不清楚的，我对你爱多一点，还是你对我爱多一点？婚姻的算法，最后就是算了吧就是最好的算法。我们的AI叫做Alibaba Inside，或者说阿里巴巴之爱，阿里巴巴本身就是爱，我们必须要有爱。”</p><p><div style=""text-align:center;""><img src=""https://feedx.net/rss/function/getimg.php?img=http://image.thepaper.cn/www/image/7/654/504.jpg"" width=""600"" height=""399"" style=""margin:0.7em 0"" /></div><span style=""color: margin:0 0 0.7em"">马云举杯祝酒</span></p><p><strong>附：马云证婚“金句”</strong></p><p>有人也问，阿里巴巴有没有梦想？什么是梦想，梦想就是做梦都要想，我们的工作是做梦要想的，但是最重要的是边上那个人就是你做梦都要想的人。</p><p>最近流行AI，还有算法。但是真正的算法、婚姻的算法是什么，婚姻是算不清楚的，我对你爱多一点，你对我爱多一点，婚姻的算法，最后就是算了吧就是最好的算法。</p><p>我认为认真生活的人必须要有新生活的梦想，就像我们盒马鲜生要日日生、日日鲜。结了婚的人要记住，要天天像新娘、天天像新郎，要有这种心态，你的生活才开心。</p><p>内部人结婚是否一定会生出很漂亮的人、很聪明的人，我没法论证，但是有一点是肯定的，阿里巴巴内部和内部的结婚，家庭和谐，一般都会很好，因为两个人都要加班，不用请假。</p><p>我听说蚂蚁金服有一个工程师，他写了一个求婚简历，里面的工作写了一个“码农”，结果很久没有人点开来看，后来他把自己的工作经历改为“区块链”，一下子收到了381封求爱信。</p><p>阿里巴巴的第一条价值观是什么，客户第一。恭喜大家找到了人生最重要的客户，阿里巴巴的价值观就是我们的服务必须让客户尖叫！</p><p>两情若是长久时，必须要做到朝朝暮暮。至少用钉钉早上发一个问候，晚上发一个问候，中间发一个问候，哪怕你加班都靠谱。婚姻要幸福，dingding最重要！</p><p>我很久没有买衣服，上次一件羽绒衣穿了好几年被批评了。今天我一口气做了好几套新衣服，而且都特别费布（马云穿了长衫），但是消费升级我们还是要支持一下的！</p><p>我演讲可以讲一天。但是他们跟我说，有两个场合讲话不要长，一个是宴席要开饭，一个是洞房花烛夜。</p><p>去年我们提出五新战略，新零售，新制造，新金融，新技术，新能源。有人说其实更重要的是新生活战略，新郎，新娘，新房，新车，新床，但是我没有机会享受了，所以我是肯定不会出去提这个战略的！</p><p>什么是AI，alibaba inside。AI，阿里巴巴就是爱！机器有芯片，但人类有心，机器不会有爱，只有人才有爱！</div>
				<div class=""go_to_topic"">
							</div>

					
				
                    <br><hr><div>获取更多RSS：<br><a href=""https://feedx.net"" style=""color:orange"" target=""_blank"">https://feedx.net</a></div>"
于欢案背后吴学占团伙涉黑案一审宣判：主犯吴学占获刑25年,"<div>
					<p>澎湃新闻记者 谭君</p>
					<p>
							2018-05-11 10:17<span> </span>
					</p>
					</div><div class=""news_txt"" data-size=""standard""><p><div style=""text-align:center;""><img src=""https://feedx.net/rss/function/getimg.php?img=http://image.thepaper.cn/www/image/7/666/11.jpg"" width=""600"" height=""336"" style=""margin:0.7em 0"" /></div>5月11日上午，山东于欢案背后吴学占团伙涉黑案在山东聊城市东昌府区人民法院进行一审宣判。法院判决如下：以组织、领导黑社会性质组织罪、强制侮辱妇女罪、强迫交易罪、故意毁坏财物罪、非法拘禁罪、故意伤害罪、非法侵入住宅罪等数罪并罚，判处被告人吴学占有期徒刑25年，并处没收个人全部财产；以参加黑社会性质组织罪等罪数罪并罚,分别判处被告人赵荣荣、李忠、郭树林、郭彦刚、吴风磊、林飞、吴洪艳、杜建岗、吴风志20年至2年8个月不等的有期徒刑，并处40万元至6万元不等的罚金。以非法拘禁罪分别判处被告人张博、严建军、程学贺、张书森、么传行2年2个月至2年不等的有期徒刑。附带民事诉讼原告人提出的诉讼请求，根据事实、证据和相关法律规定，部分予以支持。被告人吴学占为首的黑社会性质组织和组织、领导、参加黑社会性质组织的犯罪分子聚敛的财物及其收益，以及用于犯罪的工具等，依法追缴、没收。</p><p>经法院审理查明，2010年1月4日，被告人吴学占成立冠县泰昌投资有限公司，后变更为山东冠县泰和房地产开发有限公司，从事高利放贷、借用资质投标建设工程等业务。2010年1月至2016年5月，吴学占以冠县泰昌投资有限公司或冠县泰和房地产开发有限公司为依托，为谋取非法利益，组织领导被告人赵荣荣、李忠、郭树林、郭彦刚、吴风磊、林飞、吴洪艳、杜建岗、吴风志，多次实施违法犯罪行为，形成了以吴学占为组织者、领导者，赵荣荣、李忠为积极参加者，郭树林、郭彦刚、吴风磊、林飞、吴洪艳、杜建岗、吴风志为其他参加者的较稳定的犯罪组织。以吴学占为首的黑社会性质组织，通过高利放贷、强揽其他公司已中标工程、强行违规建设加油站、违规开发小区楼盘和商业街等违法犯罪活动非法牟利，并用牟取的利益向组织成员支付报酬，向因参与违法犯罪活动受伤或死亡的组织成员支付医疗费、子女抚养费等。为维护组织利益，以吴学占为首的黑社会性质组织实施了强制侮辱妇女、非法拘禁、强迫交易、故意毁坏财物、非法侵入住宅、故意伤害等9起犯罪，并通过有组织地多次进行违法犯罪活动，干扰、破坏他人正常生活生产秩序，破坏公司、企业、国家机关正常生产经营和工作秩序，在冠县东古城镇区域内造成严重影响。此外，吴学占、李忠个人还分别实施了故意伤害、强奸犯罪。</p><p> 法院认为，根据《中华人民共和国刑法》第294条的规定，被告人吴学占所组织、领导的犯罪组织依法应当认定为黑社会性质组织。其中，吴学占是该组织的组织、领导者，赵荣荣、李忠是积极参加者、骨干成员，郭树林、郭彦刚、吴风磊、林飞、吴洪艳、杜建岗、吴风志等是其他参加者。根据各被告人犯罪的事实、性质、情节，以及各自在整个黑社会性质组织中的地位、作用，依法作出上述判决。</p><p> 当事人亲属、媒体记者及各界群众代表等80余人旁听了宣判。</p><p>2016年4月，吴学占等人催债山东聊城冠县女企业家苏银霞，多次骚扰苏银霞并对其进行辱骂、殴打。苏银霞的儿子于欢不忍目睹母亲受辱，用水果刀捅伤杜志浩等4名催债人员，导致杜志浩死亡，另外两人重伤，一人轻伤。2017年6月23日，山东省高级人民法院认定于欢属防卫过当，构成故意伤害罪，判处于欢有期徒刑5年。</p><p>于欢案中的暴力讨债背后，是吴学占涉黑团伙的猖獗。在于欢案案发一个月之后，山东警方督办吴学占等人违法犯罪案。</p><p>2017年5月26日，聊城公安曾通报，冠县吴学占等人涉嫌违法犯罪案件于2016年5月25日由山东省公安厅挂牌督办，由聊城市公安局指定东昌府分局异地立案侦办，吴学占团伙涉案的18名成员除杜志浩死亡外，其余17人全部落网。</p><p>吴学占等人涉黑案被起诉至法院后，曾两次补充起诉。被起诉的被告人共计15人，包括吴学占、赵荣荣、李忠、郭树林、郭彦刚、吴风磊、林飞、吴洪艳、杜建岗、吴风志、张博、严建军、程学贺、张书森、么传行。其中，与于欢、苏银霞一家有关的有12人。</p><p>聊城市东昌府区人民检察院指控吴学占等15名被告人分别构成组织、领导、参加黑社会性质组织罪、强迫交易罪、故意毁坏财物罪、破坏公用电信设施罪、非法侵入住宅罪、非法拘禁罪、故意伤害罪、强制侮辱妇女罪、强奸罪等9项罪名。</p><p>起诉书显示，被指控9个罪名中，3个罪名与苏银霞、于欢母子有关，分别是组织、领导、参加黑社会组织罪、非法侵入住宅罪、非法拘禁罪。</p><p>2018年4月12日至4月14日，聊城市东昌府区人民法院依法开庭审理被告人吴学占等15人涉嫌犯组织、领导、参加黑社会性质组织等罪一案。法院曾通报，该案开庭审理经过法庭调查、法庭辩论、最后陈述等阶段，公诉人、被害人、诉讼代理人、被告人、辩护人均充分发表了意见。法庭依法充分保障了诉讼参与人的各项诉讼权利。</p><p>据澎湃新闻此前报道，在吴学占团伙涉黑案中，于欢、苏苏银霞均提起了刑事附带民事诉讼。苏银霞的请求是，请法院依法判决被告人吴学占、赵荣荣向苏银霞返还以非法拘禁等方式所收取的、与合同约定不符且不受法律保护的高息13.4万元，返还其所违法占有的名仕花园房屋一处；依法判决所有被告人给予赔礼道歉、消除影响，并承担精神抚慰金。</p><p>于欢的附民诉求是，对吴学占等人依法追究刑事责任的同时，请求法院依法判决吴学占等11名被告人因对于欢及其母亲苏银霞实施非法侵入住宅、非法拘禁、凌辱等手段，给予赔礼道歉、消除影响，并承担精神抚慰金。<audio controls=""controls"" style=""display: none;""></audio></div>
				<div class=""go_to_topic"">
							</div>

					
				
                    <br><hr><div>获取更多RSS：<br><a href=""https://feedx.net"" style=""color:orange"" target=""_blank"">https://feedx.net</a></div>"
文书披露“卖官书记”赵海燕受贿细节：下属送百万现金获提拔,"<div>
					<p>澎湃新闻记者 王健</p>
					<p>
							2018-05-10 14:21<span> 来源：澎湃新闻</span>
					</p>
					</div><div class=""news_txt"" data-size=""standard""><p>河南省三门峡市原市委书记赵海燕，被坊间称为“卖官书记”。近日，其身影出现在一份由中国裁判文书网公布的判决书中，该判决书系灵宝市（三门峡市下辖县级市）原市委书记李宏伟行贿、受贿案。</p><p><div style=""text-align:center;""><img src=""https://feedx.net/rss/function/getimg.php?img=http://image.thepaper.cn/www/image/7/652/367.jpg"" height=""408"" width=""600"" style=""margin:0.7em 0"" /></div>河南省延津县法院一审查明，李宏伟索贿、受贿财物共计8849907.33元，并为谋取职务上的提拔，先后9次送赵海燕（另案处理）现金共计100万元。2016年3、4月份，赵海燕推荐李宏伟担任灵宝市委书记。</p><p>公开资料显示，2016年6月27日，李宏伟出任灵宝市委书记，而半月后的2016年7月16日，时任三门峡市委书记的赵海燕涉嫌严重违纪，接受组织调查。</p><p>2017年8月31日，河南省纪委宣布，李宏伟接受组织审查。2018年4月14日，延津县法院一审判决李宏伟犯受贿罪、行贿罪，合并执行有期徒刑十三年，并处罚金三百万元。</p><p><strong>索贿、受贿八百多万元</strong></p><p>曾任河南省陕县副县长、三门峡市开发区管委会副主任、灵宝市委书记的李宏伟，因涉嫌受贿罪，于2017年10月1日由河南省延津县检察院决定监视居住,当年11月24日，其被延津县公安局执行逮捕。</p><p>2017年12月15日，延津县检察院以李宏伟犯受贿罪、行贿罪，向延津县法院提起公诉。</p><p>法院审理查明，从2008年至2017年8月份，被告人李宏伟担任陕县副县长、三门峡市开发区管委会副主任、灵宝市委书记期间，利用职务上的便利，为三门峡某化纤有限公司、陕县某煤矿等单位和个人谋取利益，先后收受、索要上述单位及个人财物共计8849907.33元。</p><p>澎湃新闻梳理李宏伟案判决书发现，其最主要的“金主”为河南某房地产开发公司实际控制人郑某，李宏伟先后索要、收受郑某财物286万余元。其中包括一辆丰田霸道越野车，而此事还与三门峡市原市委书记杨树平有关，杨树平于2015年7月落马。</p><p>延津县法院审理查明，2014年9月，郑某出资515293.33元在北京给被告人李宏伟的女儿李某购买丰田霸道车一辆，至案发前该车由李某使用。</p><p>郑某证言证实，2014年8、9月份的一天，李宏伟让他给李某弄一辆20多万元北京牌照的车，并说杨树平（时任三门峡市委书记）女儿的车出车祸了，李某的车给杨树平的女儿用了。后来，郑某通过同学在北京买了一辆白色的丰田霸道越野车，并租赁了一个车牌，交给李某使用。</p><p><strong>用贿款投资“获利”一千多万元</strong></p><p>法院还审理查明，李宏伟通过收受贿款，用于购买房屋或投资，至案发已产生孳息及利息1100多万元。</p><p>其中，2009年，时任陕县副县长的李宏伟收受一矿老板200万元，用于在北京购房。因房价上涨，案发后经评估，该笔贿款产生孳息7000885.12元。</p><p>2012年6月份，被告人李宏伟以其妻子杨某投资吃高息为名向刘某“借”200万元，在李宏伟家有偿还能力的情况下，至今一直未予归还。在刘某多次向其提出归还的要求之下，李宏伟分别于2012年10月份左右、2015年1月份抵给刘某一辆价值40万元的丰田霸道轿车和价值60万元的房产一套。</p><p>杨某用“借”来的200万元和其另外筹措的700万元一起先后放在河南某置业有限公司、某钢材有限公司、某实业公司等单位获取利息。至案发李宏伟收受的这200万元贿款共违法获利4013479.424元。</p><p>判决书显示，辩护人辩称被告人李宏伟与刘某间的200万元往来应该是借贷关系而非受贿。</p><p>法院审理后认为，被告人李宏伟与刘某平时无经济往来，刘某之前并不愿意“借”给李宏伟200万元，但是考虑到李宏伟的领导身份，以及之前李宏伟为其实际控股的煤矿提供过帮助才同意的，但是李宏伟具有归还的能力，一直未归还。在刘某多次向李宏伟要钱的情况下只是用一套房和一辆车抵了100万元。</p><p>法院认为，认定是否受贿不能仅仅看是否有书面的借款手续，根据《全国法院审理经济犯罪案件工作座谈会议纪要》第六部分的规定“国家工作人员利用职务上的便利，以借为名向他人索取财物，或者非法收受财物为他人谋取利益的，应当认定为受贿。”所以辩护人的辩护意见不成立，不予采纳。</p><p><strong>行贿市委书记100万元获提拔</strong></p><p>除了受贿，法院一审查明李宏伟还犯有行贿罪。</p><p>判决书显示，2012年至2016年春节期间，被告人李宏伟为谋取职务上的提拔，先后9次到时任三门峡市市长、市委书记赵海燕（另案处理）的办公室送给其现金共计100万元。</p><p>被告人李宏伟称，2012年时，他是三门峡市民政局副局长，考虑到赵海燕是新任领导，为了加深赵海燕对他的印象，就趁着中秋节、春节以拜年为名到赵海燕办公室先后九次共送给赵某100万元钱。</p><p>李宏伟称，他之所以送给赵海燕送100万元主要是因为赵海燕在三门峡市先后担任市长、市委书记，他为了在工作上及个人职务升迁上能够取得她的支持，才给她送的这100万元钱。</p><p>赵海燕证言证实，其在任三门峡市市长、市委书记期间，李宏伟先后分九次在其办公室给她送去了100万元现金，她在李宏伟个人的职务升迁上给李宏伟提供了帮助。</p><p>此外，相关证人证实，李宏伟在主持三门峡市开发区工作之前，赵海燕向其推荐李宏伟主持工作；2016年3、4月份，赵海燕推荐李宏伟担任灵宝市市委书记。</p><p>公开资料显示，2016年6月27日，李宏伟出任灵宝市委书记。此后不足一月，2016年7月16日，河南省纪委网站通报了河南省三门峡市委书记赵海燕涉嫌严重违纪，接受组织调查的消息。2016年10月，中组部对一批违反换届工作纪律的典型案件进行通报，其中就包括赵海燕为他人职务调整接受说情打招呼的问题。</p><p>2017年8月31日，河南省纪委网站发布消息称，三门峡市灵宝市委书记李宏伟涉嫌严重违纪，目前正接受组织审查。</p><p>2018年4月14日，延津县法院一审判决被告人李宏伟犯受贿罪，判处有期徒刑十一年，并处罚金200万元；犯行贿罪，判处有期徒刑五年，并处罚金100万元；决定合并执行有期徒刑十三年，并处罚金300万元；涉案赃物予以没收，由扣押机关依法处理；非法所得及孳息共计1751余万元予以没收，由扣押机关上缴国库。</div>
				<div class=""go_to_topic"">
							</div>"
郑州警方通报空姐搭网约车遇害案：司机作案后弃车跳河,"<div>
					<p>@平安郑州</p>
					<p>
							2018-05-10 23:28<span> </span>
					</p>
					</div><div class=""news_txt"" data-size=""standard""><p>@平安郑州 5月10日消息，5月6日凌晨，郑州市航空港区发生一起命案，受害人李某珠（女，21岁，山东济南人）在搭乘网约车途中被害，网约车司机刘某华（男，27岁，郑州航空港区人）有重大作案嫌疑。经专案组调取事发地附近多路监控，顺线追踪，显示嫌疑人刘某华作案后弃车跳河，现警方正在相关区域全力展开搜捕。</div>
				<div class=""go_to_topic"">
							</div>

					
				
                    <br><hr><div>获取更多RSS：<br><a href=""https://feedx.net"" style=""color:orange"" target=""_blank"">https://feedx.net</a></div>"
特朗普宣布美朝领导人会晤将于6月12日在新加坡举行,"<div>
					<p>刘晨、朱东阳/新华社</p>
					<p>
							2018-05-10 22:44<span> </span>
					</p>
					</div><div class=""news_txt"" data-size=""standard""><p>新华社华盛顿5月10日消息，美国总统特朗普10日宣布，他与朝鲜最高领导人金正恩的会晤将于6月12日在新加坡举行。</p><p>特朗普当天早上通过社交媒体推特宣布了这一消息。他表示十分期待与金正恩的会晤，并希望双方的会晤能成为促进世界和平的“特殊时刻”。</p><p>金正恩9日在平壤会见了到访的美国国务卿蓬佩奥，表示即将到来的朝美领导人会晤将是一次“历史性会晤”。他还下令特赦及遣返被朝鲜扣押的3名美国人。10日凌晨，特朗普与副总统彭斯在机场迎接了与蓬佩奥一同返回的这3名美国人。</p><p>据朝鲜媒体报道，蓬佩奥此行是为向金正恩转达特朗普的口信并为朝美领导人会晤做准备。报道说，金正恩同蓬佩奥交换了对朝鲜半岛形势的评价和看法以及两国最高领导层对朝美领导人会晤的立场和意见。金正恩和蓬佩奥就讨论的问题达成了“满意的共识”。</p><p>近来，在多方共同努力下，半岛局势迎来转机。4月27日，韩国总统文在寅和金正恩在板门店举行会晤。双方会晤后签署《板门店宣言》，就改善双边关系、实现半岛无核化与持久和平达成共识。会晤举行以来，朝韩双方互动积极，不断推进会晤共识的落实，为半岛局势缓和创造了良好氛围。但同时，美方依然表示，除非朝鲜弃核，否则美国对朝“极限施压”策略不会停止。</p><p>（原题为《特朗普说美朝领导人会晤将于6月12日在新加坡举行》）</div>
				<div class=""go_to_topic"">
							</div>"
云南上百村民私挖填埋走私冻肉重新销售，鸡翅牛肉去向不明,"<div>
					<p>云南广播电视台“YNTV2都市条形码”微信公号</p>
					<p>
							2018-05-10 20:56<span> </span>
					</p>
					</div><div class=""news_txt"" data-size=""standard""><p><div style=""text-align:center;""><img src=""https://feedx.net/rss/function/getimg.php?img=http://image.thepaper.cn/www/image/7/659/992.jpg"" width=""100%"" style=""margin:0.7em 0"" /></div>云南广播电视台“YNTV2都市条形码”微信公号5月10日消息，图片上的这些肉，是有人从垃圾填埋场里三、四米的深坑里刨出来的，腐烂的鸡脚、鸡翅、牛肉、散发着腐臭味，这些肉从哪儿来，将到哪去？</p><p><div style=""text-align:center;""><img src=""https://feedx.net/rss/function/getimg.php?img=http://image.thepaper.cn/www/image/7/659/991.jpg"" width=""100%"" style=""margin:0.7em 0"" /></div><strong>上百村民垃圾场刨肉</strong></p><p>说起鸡脚、鸡翅、牛肉一类的冻品，那可是云南人餐桌上比较常见的佳肴。这些冰冻肉类一是来自国内养殖场，二是来源于进口，当然还有一种见不了光的渠道--那就是走私。</p><p><strong>观众线索引出“复活”的走私肉</strong></p><p>近日，记者接到观众提供线索，今年三月中旬，红河州金平县一批被查获的走私冻品，在填埋进垃圾场之后，被当地村民挖出来卖到市场上，并且这一现象已经持续了两年，记者就此展开了调查。</p><p><div style=""text-align:center;""><img src=""https://feedx.net/rss/function/getimg.php?img=http://image.thepaper.cn/www/image/7/659/990.gif"" width=""400"" height=""225"" style=""margin:0.7em 0"" /></div>从观众提供的视频中可以看到，上百村民聚集在金平县金河镇的一处垃圾填埋场里，把已经填埋进垃圾场的走私冻肉一箱箱地挖了出来。路面上到处散落着包装破损后掉出的鸡脚。</p><p><div style=""text-align:center;""><img src=""https://feedx.net/rss/function/getimg.php?img=http://image.thepaper.cn/www/image/7/659/988.jpg"" width=""100%"" style=""margin:0.7em 0"" /></div><div style=""text-align:center;""><img src=""https://feedx.net/rss/function/getimg.php?img=http://image.thepaper.cn/www/image/7/659/989.jpg"" width=""100%"" style=""margin:0.7em 0"" /></div>填埋场附近的公路两旁，停放着村民等候的摩托车，冻品一挖出来就马上运走。整个挖掘过程昼夜持续。知情者透露，每次当地打私部门对查处的冻品进行填埋处理后，周边村民就会进行挖掘，参与人数少则近百人，多则四、五百人，而且已经持续了2年左右。</p><p><strong>记者调查找到垃圾填埋场</strong></p><p>4月18日，记者前往金平县进行调查。在距离县城10公里的三家村，找到了这个垃圾填埋场。</p><p><div style=""text-align:center;""><img src=""https://feedx.net/rss/function/getimg.php?img=http://image.thepaper.cn/www/image/7/659/987.jpg"" width=""100%"" style=""margin:0.7em 0"" /></div>这就是视频拍摄地：当地人称“三家村垃圾场”。</p><p><div style=""text-align:center;""><img src=""https://feedx.net/rss/function/getimg.php?img=http://image.thepaper.cn/www/image/7/659/986.jpg"" width=""100%"" style=""margin:0.7em 0"" /></div>整个垃圾场占地约三个篮球场大小，周边弥漫着刺鼻的腐臭味。几个四、五米的深坑里，随处可见腐烂的鸡脚、鸡翅。</p><p><div style=""text-align:center;""><img src=""https://feedx.net/rss/function/getimg.php?img=http://image.thepaper.cn/www/image/7/659/992.jpg"" width=""100%"" style=""margin:0.7em 0"" /></div><div style=""text-align:center;""><img src=""https://feedx.net/rss/function/getimg.php?img=http://image.thepaper.cn/www/image/7/659/991.jpg"" width=""100%"" style=""margin:0.7em 0"" /></div><div style=""text-align:center;""><img src=""https://feedx.net/rss/function/getimg.php?img=http://image.thepaper.cn/www/image/7/659/985.jpg"" width=""100%"" style=""margin:0.7em 0"" /></div>为了一探究竟，记者下到了这个深坑。</p><p><div style=""text-align:center;""><img src=""https://feedx.net/rss/function/getimg.php?img=http://image.thepaper.cn/www/image/7/659/993.gif"" width=""400"" height=""225"" style=""margin:0.7em 0"" /></div>垃圾堆里已经没有了填埋时完整的走私冻品，散落的纸盒均已被损坏。外包装上的标识显示，货品为鸡翅和牛肉冻品。</p><p><div style=""text-align:center;""><img src=""https://feedx.net/rss/function/getimg.php?img=http://image.thepaper.cn/www/image/7/659/984.jpg"" width=""100%"" style=""margin:0.7em 0"" /></div>知情人介绍，当地打私部门每隔一到两周，会将查获的冻品拉到这个填埋场销毁。两年来这里已经形成了村民挖掘、专人收购、专人运输、专人销售的一条龙产业链。在垃圾场旁边县道的空地上，记者注意到这样一块牌子：停车收费50元。</p><p><div style=""text-align:center;""><img src=""https://feedx.net/rss/function/getimg.php?img=http://image.thepaper.cn/www/image/7/659/983.jpg"" width=""100%"" style=""margin:0.7em 0"" /></div>在臭气熏天的荒郊野外，这样一块收高额停车费的牌子显得很另类，不免让人质疑，这个垃圾场里究竟繁衍出了什么赚钱的产业。</p><p><strong>警察撤离之后</strong></p><p><strong>震惊！记者亲历上百村民坑里刨肉</strong></p><p>4月29日记者再次接到线索，相关部门在三家村垃圾场填埋销毁了10车左右冻品，市值上百万元。三天后，记者亲眼见到了上百村民在坑里刨肉的情况，场面令人震惊。</p><p><div style=""text-align:center;""><img src=""https://feedx.net/rss/function/getimg.php?img=http://image.thepaper.cn/www/image/7/659/982.gif"" width=""400"" height=""225"" style=""margin:0.7em 0"" /></div>4月30日，记者再次来到了填埋场，此时在填埋场周围停放了几辆警车，现场拉起了“打击走私肉，打击盗挖盗掘”的标语。</p><p><div style=""text-align:center;""><img src=""https://feedx.net/rss/function/getimg.php?img=http://image.thepaper.cn/www/image/7/659/980.jpg"" width=""100%"" style=""margin:0.7em 0"" /></div>在填埋场周围拉起了警戒线，几名警察在现场看守，周围没有见到挖肉的村民。记者继续沿着106县道公路行驶，逐渐发现填埋场周围的几个村子路边停着很多三轮车，摩托车，村民们三三两两地聚在一起。</p><p>5月2日，这是走私冻肉被填埋后的第四天，警察撤离了垃圾填埋场。上百名村民涌进了填埋场。</p><p><div style=""text-align:center;""><img src=""https://feedx.net/rss/function/getimg.php?img=http://image.thepaper.cn/www/image/7/659/979.gif"" width=""400"" height=""225"" style=""margin:0.7em 0"" /></div><div style=""text-align:center;""><img src=""https://feedx.net/rss/function/getimg.php?img=http://image.thepaper.cn/www/image/7/659/978.gif"" width=""400"" height=""225"" style=""margin:0.7em 0"" /></div><div style=""text-align:center;""><img src=""https://feedx.net/rss/function/getimg.php?img=http://image.thepaper.cn/www/image/7/659/977.gif"" width=""400"" height=""225"" style=""margin:0.7em 0"" /></div>覆盖的泥土很快被挖开，戴着帽子、口罩、身穿罩衣的村民们，下到了三、四米深的坑里。他们分工明确，挖出的冻肉被一袋一袋传递到坑外。</p><p><div style=""text-align:center;""><img src=""https://feedx.net/rss/function/getimg.php?img=http://image.thepaper.cn/www/image/7/659/976.jpg"" width=""516"" height=""1200"" style=""margin:0.7em 0"" /></div><strong>知情人士：</strong>“填埋以后当地老百姓又把它弄出来，弄出来之后当地的小混混就在半路收点保护费，就这样。”</p><p>填埋了四天的冻肉有的已经开始变质发臭，上面长满了蛆虫。</p><p><div style=""text-align:center;""><img src=""https://feedx.net/rss/function/getimg.php?img=http://image.thepaper.cn/www/image/7/659/995.gif"" width=""400"" height=""225"" style=""margin:0.7em 0"" /></div>品相稍好一点的肉品重新装进准备好的袋子里，随即被三轮摩托车运走。记者观察，参与的村民有近百人，他们轮换进入填埋坑，路边不时有车进入供应盒饭。整个挖掘过程不间断地持续了三十多个小时，直至填埋的走私冻肉被全部运走。</p><p><div style=""text-align:center;""><img src=""https://feedx.net/rss/function/getimg.php?img=http://image.thepaper.cn/www/image/7/659/975.jpg"" width=""100%"" style=""margin:0.7em 0"" /></div>这些被挖出来的走私冻肉，究竟会拉到哪里去呢？</p><p>接着看记者调查。</p><p><strong>运送车辆行踪诡秘</strong></p><p>调查过程中记者注意到，运送冻肉的大多是三轮摩托车，填埋点周边停放的其他车辆并没有装货的举动。知情人士透露，三轮摩托车仅是起到摆渡的作用，冻肉被拉出填埋场后，会有收货人引导到货车停放点集中装运。由于警惕性较高，货车不会停留在附近的停车场。这些货车究竟在哪里呢？那记者以填埋点为中心，往返了周边多条道路。最终发现了这条通往附近水电站的小路。</p><p>很快，在距离填埋场不到一公里的地方，记者看到了这辆小货车。货车周边摆放着成堆的冻肉，有村民正往车上装货。</p><p><div style=""text-align:center;""><img src=""https://feedx.net/rss/function/getimg.php?img=http://image.thepaper.cn/www/image/7/659/974.gif"" width=""400"" height=""225"" style=""margin:0.7em 0"" /></div><div style=""text-align:center;""><img src=""https://feedx.net/rss/function/getimg.php?img=http://image.thepaper.cn/www/image/7/659/973.gif"" width=""400"" height=""225"" style=""margin:0.7em 0"" /></div>沿路堆放着各种装肉的袋子，这些肉究竟要拉到哪里去呢？确定好拉肉货车的车牌号后，另一组记者暗中跟随在货车后面。</p><p><div style=""text-align:center;""><img src=""https://feedx.net/rss/function/getimg.php?img=http://image.thepaper.cn/www/image/7/659/972.gif"" width=""400"" height=""225"" style=""margin:0.7em 0"" /></div><div style=""text-align:center;""><img src=""https://feedx.net/rss/function/getimg.php?img=http://image.thepaper.cn/www/image/7/659/971.gif"" width=""400"" height=""225"" style=""margin:0.7em 0"" /></div><div style=""text-align:center;""><img src=""https://feedx.net/rss/function/getimg.php?img=http://image.thepaper.cn/www/image/7/659/970.gif"" width=""400"" height=""225"" style=""margin:0.7em 0"" /></div>货车出来后明显加快了速度，在金平县城附近甩开了记者的车辆，进入到一个隐蔽在山林里的砖瓦厂，由于砖瓦厂看守严密，记者的车辆无法靠近。第二天，记者在路边再次找到了这辆货车，它已经来到了距离金平县城20多公里外的蛮耗镇。此时，货车车头前放着一块“空车拉货”的牌子，货车司机不知去向。</p><p><div style=""text-align:center;""><img src=""https://feedx.net/rss/function/getimg.php?img=http://image.thepaper.cn/www/image/7/659/969.jpg"" width=""100%"" style=""margin:0.7em 0"" /></div>记者停留观察了一段时间，确认车上已经没有了冻肉，之前的冻肉究竟被卸在什么地方无法得知，可以推测，这辆小货车仍然只是其中的一辆中转车。盗挖倒卖走私肉链条上参与人员的警惕性再次超出了记者的判断。</p><p>回顾这段时间的调查，4月29日，当地相关部门填埋查缴的走私冻肉；4月30日，记者到达填埋场时，当地气温24度，有降雨，之后的三天里，降雨一直持续，并伴有暴雨天气。在这样的气候条件下，十辆货车数百吨冻肉制品埋到地下四天后，全部被挖出，就这样消失了……</p><p><strong>公开的秘密</strong></p><p>为了寻找那些消失的冻肉，记者走访了金平县多个乡镇。在当地，三家村垃圾填埋场盗挖销售走私冻肉的事，几乎人人皆知。但对这些肉如何被运出？运到了哪里？什么人在操纵等问题讳莫如深。</p><p><div style=""text-align:center;""><img src=""https://feedx.net/rss/function/getimg.php?img=http://image.thepaper.cn/www/image/7/659/968.jpg"" width=""100%"" style=""margin:0.7em 0"" /></div>记者采访所到之处，问及三家村垃圾填埋场，村民都能明确说出，那里填埋的是当地打私办等部门查获的走私物品，主要是鸡脚，鸡翅，牛肉等冻品。</p><p><div style=""text-align:center;""><img src=""https://feedx.net/rss/function/getimg.php?img=http://image.thepaper.cn/www/image/7/659/964.jpg"" width=""100%"" style=""margin:0.7em 0"" /></div><strong>记者：</strong>“挖的那些是什么人？”</p><p><strong>村民：</strong>“就是本地村子的。”</p><p><strong>记者：</strong>“没有人查吗？”</p><p><strong>村民：</strong>“查不过来，太多了。公安的到那边还不是要挖，埋的挖机来了，那些人就钻到下面（坑里）去。”</p><p><strong>记者</strong>：“到这种疯狂的地步了？”</p><p><strong>村民</strong>：“是了嘛。”</p><p><strong>记者</strong>：“是哪里的来倒的。”</p><p><strong>村民</strong>：“打私办的查到了，武警查到了都会拉到这来埋。”</p><p><div style=""text-align:center;""><img src=""https://feedx.net/rss/function/getimg.php?img=http://image.thepaper.cn/www/image/7/659/959.jpg"" width=""100%"" style=""margin:0.7em 0"" /></div>有村民告诉记者，这些走私冻肉制品被查获填埋后，会有收货的老板找附近村民来刨坑找肉，每次填埋的冻品少则几十吨，多则三、五百吨，需要上百人几天才能挖完，从填埋场挖上来的肉，有专人在路边回收，并运输到其它地方进行销售。</p><p>沿着106县道行驶，在距离三家垃圾填埋场直线距离15公里的金平县铜厂乡。记者在街上的一家冻品零售店，发现了标识不清的冻肉。</p><p><div style=""text-align:center;""><img src=""https://feedx.net/rss/function/getimg.php?img=http://image.thepaper.cn/www/image/7/659/956.jpg"" width=""100%"" style=""margin:0.7em 0"" /></div><strong>记者</strong>：“这个是多少一包？”</p><p><strong>商户：</strong>“这个25块一包，就是这种是不是？”</p><p><strong>记者</strong>：“对。”</p><p>这家小卖部的冷柜里存放着很多品种的肉类，比如这个塑料袋包装的鸡翅，只有简单的几个英文字母和数字，没有任何质检合格标识。</p><p><div style=""text-align:center;""><img src=""https://feedx.net/rss/function/getimg.php?img=http://image.thepaper.cn/www/image/7/659/953.jpg"" width=""100%"" style=""margin:0.7em 0"" /></div>记者并未找到与填埋场相同包装的冻肉，而当地人对于这些冻品的来源显得很谨慎，不愿多说。记者提及三家村填埋场冻肉的去向时，当地人说，冻品被卖到了昆明。</p><p><strong>记者</strong>：“挖这些冻品到哪里去卖？”</p><p><strong>村民</strong>：“拉到蒙自、昆明那些地方去卖。”</p><p><strong>记者</strong>：“有些什么东西？”</p><p><strong>村民</strong>：“鸡脚、鸡翅、牛肉那些。”</p><p><strong>记者</strong>：“拉得到昆明吗？”</p><p><strong>村民</strong>：“昆明出去都怕还有啊。”</p><p><div style=""text-align:center;""><img src=""https://feedx.net/rss/function/getimg.php?img=http://image.thepaper.cn/www/image/7/659/940.jpg"" width=""100%"" style=""margin:0.7em 0"" /></div>至此，记者对盗挖走私冻肉贩卖的线索就中断了。那些深埋在地下四天又被挖出的走私肉，最终走向了哪里不得而知。</p><p>但在采访中，当地“走私猖獗”的现象，进入了记者的视野。</p><p><strong>为何屡禁不止？</strong></p><p>通过一个多月的调查采访，我们注意到，红河州金平县当地人对于偷渡走私、挖冻肉的事情似乎已经习以为常，既然这个情况已经存在了多年，而当地也进行过多次整治，为何此类事件还是屡禁不止呢？</p><p><div style=""text-align:center;""><img src=""https://feedx.net/rss/function/getimg.php?img=http://image.thepaper.cn/www/image/7/659/935.jpg"" width=""100%"" style=""margin:0.7em 0"" /></div>记者梳理发现，关于村民私挖被销毁的走私冻品的新闻，早在2016年就已经见诸媒体。</p><p><div style=""text-align:center;""><img src=""https://feedx.net/rss/function/getimg.php?img=http://image.thepaper.cn/www/image/7/659/930.jpg"" width=""100%"" style=""margin:0.7em 0"" /></div>金平县因与越南接壤，历年来走私活动猖獗，2016年10月8日，金平县集中销毁走私冻品473多吨，货值约1800万元。</p><p>1、2015年1月，云南金平边防大队查获走私冻品675吨，涉案案值近1000万元。</p><p>2、2016年10月1日，红河日报报道，金平县公安机关查获走私无主冻品400余吨，于10月8日依法在金平县垃圾处理厂进行无害化深埋销毁处理。之后的几天，在金河镇垃圾场蹲点守候的民警发现，有村民持手电进入销毁冻品现场挖掘冻肉。警方多部门前往处置，迅速封锁控制现场，对村民的行为进行训诫。</p><p>3、2016年10月8日，金平县集中销毁走私冻品473多吨，货值约1800万元。</p><p>4、2016年10月18日，者米乡政府接到群众举报，称有部分村民到金河镇垃圾处理厂挖走已填埋的走私冻肉，涉及6个村寨近70户村民。者米乡政府通过宣传动员等方式，入村销毁冻肉1吨多。当天有人在金河镇十里村街上出售牛肉冻品，部分村民已购买并食用，称该肉呈酸味。县城农贸市场也出现了远低于市价的牛肉干，勐拉镇也出现相同的情况。当时金平县市场监督管理局加大了对冻品市场的检查执法和食品安全宣传活动。</p><p>5、2017年，据红河电视台报道，2017年金平县开展边境整治行动，希望将走私堵在境外，在这次行动中金平县公安局、县公安边防大队、打私办、反恐办等多部门联合开展边境地区综合整治行动，行动共出动人员90余人，车辆18辆，深入金水河镇边境沿线开展整治工作。拆除在隔界村界河沿岸违规搭建的铁桥25座、当场销毁木桥21座。</p><p><div style=""text-align:center;""><img src=""https://feedx.net/rss/function/getimg.php?img=http://image.thepaper.cn/www/image/7/659/926.jpg"" width=""100%"" style=""margin:0.7em 0"" /></div>6、2018年，但时隔两年，金河镇三家村垃圾填埋场走私冻肉被盗挖的事件再次被爆出。</p><p><strong>边境走私猖獗</strong></p><p>从见诸媒体的报道可以看出，当地对于边境整治、打击走私的行动从未间断过；那么这些行动是否有效遏制了走私行为呢？</p><p><div style=""text-align:center;""><img src=""https://feedx.net/rss/function/getimg.php?img=http://image.thepaper.cn/www/image/7/659/922.jpg"" width=""100%"" style=""margin:0.7em 0"" /></div>采访中，记者最常听到的是老勐乡、金矿、隔界等地名，这些地方都跟走私肉的流通有关联。当地人更将走私的源头指向金水河镇附近，一个叫隔界村的小村子。</p><p><div style=""text-align:center;""><img src=""https://feedx.net/rss/function/getimg.php?img=http://image.thepaper.cn/www/image/7/659/919.jpg"" width=""100%"" style=""margin:0.7em 0"" /></div>隔界村距离金水河镇有半个多小时的车程，只有一条土路可以前往。</p><p><div style=""text-align:center;""><img src=""https://feedx.net/rss/function/getimg.php?img=http://image.thepaper.cn/www/image/7/659/913.jpg"" width=""100%"" style=""margin:0.7em 0"" /></div>这个不大的村子里，有一条和越南一河之隔的主路，这条河只有两米多宽，河道上有很多简易桥，河道对岸就是越南，尽管在边境线上有严禁偷越国境的醒目标志，但在记者行驶调查中，看到对岸一名男子提着香蕉，大摇大摆通过搭桥走到了中国境内，而在路边的商贩正在给搬运过来的香蕉称重，并现场进行交易。</p><p><div style=""text-align:center;""><img src=""https://feedx.net/rss/function/getimg.php?img=http://image.thepaper.cn/www/image/7/659/906.jpg"" width=""100%"" style=""margin:0.7em 0"" /></div>记者从知情人处得知，由于交通便利、界河较窄，隔界村成了越南走私冻品入境的主要入口之一，冻品通过越野车、皮卡车或者小型货车，趁着夜色从村内的小路一车一车运出，集中转运到大货车上后，再从金平或者元阳转运到外地销售，走私品包含冻肉制品、生猪等。</p><p><strong>知情人士</strong>:“越南就在那边，中国就在这边，我看到的至少有五帮人，每帮人至少在20人左右，中国这边有五辆大货车，那边下货很快的，小袋小袋的。”</p><p><strong>记者：</strong>“那个是在哪个地方？”</p><p><strong>知情人士</strong>：“就在隔界村。”</p><p><div style=""text-align:center;""><img src=""https://feedx.net/rss/function/getimg.php?img=http://image.thepaper.cn/www/image/7/659/893.jpg"" width=""100%"" style=""margin:0.7em 0"" /></div>而在金平县城内调查采访中，知情人透露，经常会有村民打扮的人到饭店和烧烤摊上门推销冻肉，销售的冻牛肉比新鲜牛肉便宜近一半的价格，为了赚取更多的利润，有的饭店和烧烤店会选择冻肉销售。当地人心知肚明，这些冻品的来源是越南走私入境的，除了走私被查进行填埋的冻品，不少冻品未被查获，走私入境后，除了在当地销售，还通过一些运输线路到昆明，蒙自等城市销售。</p><p><strong>记者</strong>：“哪里拉过来的？越南吗？”</p><p><strong>村民</strong>：“是了嘛。”</p><p><strong>记者</strong>：“是从哪个口拉进来的？”</p><p><strong>村民</strong>：“它不从口岸进来，就从金平那些小路进来的。他从那边出去，从勐拉那边就到三家村边，三家村边出去就到金矿老勐那边，往老勐乡这边也可以走，往金矿元阳那边也可以走。”</p><p>（原题为《触目惊心！上百村民围着垃圾场挖冻肉！！鸡翅、牛肉去向成谜，忍吐怀疑人生.....》）</div>
				<div class=""go_to_topic"">
							</div>"
滴滴再回应空姐遇害：同警方合作，车主通过背景审核才能接单,"<div>
					<p>澎湃新闻记者 段彦超</p>
					<p>
							2018-05-10 20:25<span> 来源：澎湃新闻</span>
					</p>
					</div><div class=""news_txt"" data-size=""standard""><p>针对空姐乘滴滴遇害一事，5月10日，滴滴有关人士回应澎湃新闻（www.thepaper.cn）称，滴滴顺风车平台在审核车主注册信息时，会严格要求三证验真，即身份证、行驶证、驾驶证均真实有效，且驾龄需在一年以上。此外，滴滴与公安部门展开了紧密合作，对车主进行背景筛查，排除犯罪记录人员、在逃人员、吸毒、重性精神病人员等人员进入平台。只有通过审核，才能在平台进行接单。</p><p>据澎湃新闻此前报道，空姐李某5月5日深夜乘坐滴滴顺风车遇害， 8日遗体被警方发现。</p><p>李某家属的朋友告诉澎湃新闻，警方办案很负责，希望警方早日抓住嫌犯。</p><p>此前，滴滴发布声明，称对郑州顺风车乘客遇害感到万分悲痛和愧疚，“负有不可推卸的责任”，将尽最大努力协助警方尽快破案，将凶手绳之以法，还李女士和家人一个公道。</div>
				<div class=""go_to_topic"">
							</div>"
杭州一新郎失踪3天后浮尸河道，监控显示其最后影像在河边,"<div>
					<p>澎湃新闻记者 张刘涛</p>
					<p>
							2018-05-10 19:26<span> 来源：澎湃新闻</span>
					</p>
					</div><div class=""news_txt"" data-size=""standard""><p>澎湃新闻（www.thepaper.cn）10日从杭州江干区警方获悉，日前，江干区机场路花园兜公交站附近发生1起非正常死亡案件，1名成年男性遇难者从公交站边临近的河道中被打捞起来。</p><p> 经警方身份确认，证实遇难者系此前报警失踪3天的28岁中国籍男子陈某某。值得注意的是，失踪时，陈某某刚刚与妻子举办婚礼仅7天。根据家属描述，陈某某失踪时疑似处于醉酒状态。</p><p> 澎湃新闻从江干警方获悉，10日5点45分许，失联3天的陈某某在花园兜公交站附近的河中被一名晨练老人发现，6点40分陈某某被救援人员打捞上岸，但早已失去生命体征。<div style=""text-align:center;""><img src=""https://feedx.net/rss/function/getimg.php?img=http://image.thepaper.cn/www/image/7/654/846.jpg"" width=""600"" height=""800"" style=""margin:0.7em 0"" /></div><span style=""color: margin:0 0 0.7em"">本文图片均来自“FM93交通之声”微信公众号</p><p></span> 陈某某失踪一案成了最近几天杭州当地网络关注的热点。家属在向警方报警的同时，也通过现场张贴启事及网络寻人的方式寻找其下落。<div style=""text-align:center;""><img src=""https://feedx.net/rss/function/getimg.php?img=http://image.thepaper.cn/www/image/7/654/847.jpg"" width=""600"" height=""338"" style=""margin:0.7em 0"" /></div> 根据家属发布的寻人启事，陈某某于5月7日23点多，在杭州笕桥附近失踪，处于“醉酒状态，走路摇晃”，“失踪时穿蓝色上衣，有个背包，黑色裤子”。此外，根据家属的体征描述，183厘米的陈某某，体重约178斤，嘴角边有颗痣，还有点络腮胡，戴着高度近视眼镜。<div style=""text-align:center;""><img src=""https://feedx.net/rss/function/getimg.php?img=http://image.thepaper.cn/www/image/7/654/848.jpg"" width=""600"" height=""450"" style=""margin:0.7em 0"" /></div> </p><p><div style=""text-align:center;""><img src=""https://feedx.net/rss/function/getimg.php?img=http://image.thepaper.cn/www/image/7/654/849.jpg"" width=""600"" height=""620"" style=""margin:0.7em 0"" /></div>据陈某某的妻子王女士向当地媒体介绍，其夫是宁夏银川人，两人都在南昌上大学，在大学里相识。研究生毕业后，女方在2015年时留在云南昆明工作，陈某某则在杭州工作至今已三年多。两人去年领了结婚证，今年五一假期刚办了婚宴。虽身处不同地方，但小两口感情很好，每隔一两个月都要见一次面，早中晚都要打电话互相诉说生活上的事情。</p><p> 警方介绍，失踪当天晚上，王女士曾经给陈某某打过电话，还问了他要不要加班。当时陈某某说今天要跟朋友聚餐，不方便多聊，电话很快就挂了。至7日22点多，王女士再次给陈某某打电话，但那时接电话的是陈某某的同事，过了一会儿，陈某某接过电话，但王女士说他“话也说不大清楚了，而且听起来像要呕吐的样子”。她就问：“你是不是喝了很多？”陈某某回答还好。后来电话就再也联系不上了。王女士很着急，她通过自己的同学再找朋友，辗转才联系上了当晚送他回家的一位朋友。朋友说晚上聚餐完之后已经把陈先生送到了小区。</p><p>第二天一早，王女士再次联系丈夫时，电话却始终无人接听。觉得蹊跷的王女士随后将杭州家中密码门的密码给了丈夫的一位同事，请其帮忙查看丈夫情况，但发现家里空无一人。觉得异常的王女士立即决定从昆明坐飞机到杭州，但由于当时没有机票，她直到5月8日22点半才到杭州，并立即报警求助。<div style=""text-align:center;""><img src=""https://feedx.net/rss/function/getimg.php?img=http://image.thepaper.cn/www/image/7/654/850.jpg"" width=""600"" height=""450"" style=""margin:0.7em 0"" /></div> 接警后，江干警方立即派员调查，先后派出警员与当地救援组织成员分片区搜索，但一直无果，直至10日凌晨陈某某的遗体被人发现。<div style=""text-align:center;""><img src=""https://feedx.net/rss/function/getimg.php?img=http://image.thepaper.cn/www/image/7/654/851.jpg"" width=""600"" height=""800"" style=""margin:0.7em 0"" /></div> 同时，警方调取了相关监控录像进行查找。</p><p> 警方调取的监控显示，5月7日当晚，的确有人将陈某某送到其所住的小区，但那人并没有把陈某某送到家里，而是送到小区门口就走了。<div style=""text-align:center;""><img src=""https://feedx.net/rss/function/getimg.php?img=http://image.thepaper.cn/www/image/7/654/852.jpg"" width=""600"" height=""450"" style=""margin:0.7em 0"" /></div> 监控中，陈某某走路摇晃不稳，不仅摔了一跤，还一度躺在地上睡着了，随后，陈某某沿着机场路一直走到某小区对面的一条河边，随后便没了踪影，周边监控也再没有捕捉到陈某某的影像。<div style=""text-align:center;""><img src=""https://feedx.net/rss/function/getimg.php?img=http://image.thepaper.cn/www/image/7/654/853.jpg"" width=""600"" height=""450"" style=""margin:0.7em 0"" /></div></div>
				<div class=""go_to_topic"">
							</div>

					
				
                    <br><hr><div>获取更多RSS：<br><a href=""https://feedx.net"" style=""color:orange"" target=""_blank"">https://feedx.net</a></div>"
马上评｜21岁空姐深夜死于顺风车，滴滴不能道歉了事,"<div>
					<p>澎湃特约评论员 远山</p>
					<p>
							2018-05-10 18:27<span> 来源：澎湃新闻</span>
					</p>
					</div><div class=""news_txt"" data-size=""standard""><p>一则“失联两天，一名空姐深夜滴滴打车遇害”的消息正迅速在网上传播，引发关注。据报道，5月6日，该空姐在郑州航空港区搭乘了一辆滴滴顺风车赶往市内后遇害。警方称，作案人员是一名滴滴司机，身上携有凶器，凶手仍在潜逃中，警方正在抓捕。</p><p>今天中午，滴滴平台回应：对于空姐遇害一事，感到万分悲痛和愧疚。真诚地和李女士的家人和公众道歉。并称，作为平台辜负了用户的信任，在这件事情上负有不可推卸的责任。目前滴滴已经成立了专项工作组，密切配合警方开展案件侦查工作。滴滴同时全面彻查各项业务，避免类似事件的发生。&#160;</p><p>一个如花生命就这样消逝了，媒体的后续报道中，遇害者父亲悲痛欲绝。滴滴虽然道歉了，也表示配合警方工作，但这远不够，借用一句名言：如果道歉有用的话，还要法律干什么？ &#160;</p><p>必须要指出的是，按照警方的调查，该名顺风车司机携有凶器。这样一个人是如何从事顺风车的？这些问题都需要滴滴平台进一步回应。&#160;</p><p>滴滴称要全面彻查各项业务实属应该，但如果每次都要等到出事、尤其是出如此严重事件后，才开始对业务倒查，这恐怕连亡羊补牢都称不上。面对空姐深夜滴滴打车遇害，滴滴作为平台审核不严，又应承担什么样的法律责任？</p><p>我国《网络交易管理办法》规定了网络交易者应承担的法律责任，但相关责任局限于对入驻平台的经营者所经营的商品、侵犯权利人注册商标专用权、企业名称权等监管，对其他责任并未进一步细化规定。</p><p>固然，按照目前的相关规定，顺风车业务中，平台的作用更多是信息中介，平台不必承担网约车同等的责任和义务，《网络预约出租汽车经营服务管理暂行办法》也只是在“附则”中规定：私人小客车合乘，也称为拼车、顺风车，按城市人民政府有关规定执行。但在实际中，并没有得到完全落地。特别是郑州本身的拼车规定《郑州市规范私人小客车合乘出行的意见》，也对司机准入、平台责任语焉不详。</p><p>但是，无论如何，作为平台业务的一部分，滴滴对顺风车也应承担起应有的监管责任。</p><p>对于空姐遇害事件，家属都可以依法向法院提起民事诉讼，要求滴滴承担相应责任并进行赔偿。这固然换不回逝去的宝贵生命，但至少，对生者是一点抚慰。&#160;</p><p>冰冻三尺非一日之寒。如果跳出此事件，全面审视滴滴平台，不得不说的是，作为国内最大的网约车平台，滴滴这两年忙于收割市场红利，疏于对入驻司机的资质及服务质量监管，早已为悲剧埋下了隐患。</p><p>最严重的是，滴滴在杭州等地区长期违规无证经营，默许无资质司机上路载客。据澎湃新闻4月4日的报道，滴滴在杭州，大量存在提供服务的驾驶员未取得《网络预约出租汽车驾驶员证》，提供服务的车辆未取得《网络预约出租汽车运输证》的情形。在杭州运管部门3月22日起开展的网约车集中整治行动中，查获200多起网约车非法案件，滴滴平台车辆占9成以上。在另一些城市，交通管理部门多次约谈并处罚滴滴，但滴滴方在交完罚款后，关于平台整改就没了下文。而之所以屡被“放过”，也与其体量庞大、用户众多、牵涉面广有关。&#160;</p><p>多么可笑，行业龙头的地位，不仅不能让其严格律己、树立业界标杆，反而成为滴滴违规经营的护身符。如果滴滴自身都长期游走于法律边缘，又怎能指望它在其他环节上严于把关？按照墨菲定律，会出错的终究要出错，日常被无视的小错，一旦日积月累，就会引发大祸。</p><p>人命关天，滴滴不能一句轻飘飘的“道歉”和“配合警方”了事。不过，我们也不能仅仅指望平台自律，更需要有关部门介入，对滴滴存在的各种管理隐患加以彻查，并违法违规行为进行严惩。否则，恐怕还会发生同样的悲剧。</div>
				<div class=""go_to_topic"">
							</div>"
40多天两度会晤，习近平同金正恩谈了哪些大事,"<div>
					<p>金佳绪/新华网</p>
					<p>
							2018-05-10 11:52<span> </span>
					</p>
					</div><div class=""news_txt"" data-size=""standard""><p><div style=""text-align:center;""><img src=""https://feedx.net/rss/function/getimg.php?img=http://image.thepaper.cn/www/image/7/650/642.jpg"" width=""600"" height=""467"" style=""margin:0.7em 0"" /></div><span style=""color: margin:0 0 0.7em"">5月7日至8日，中共中央总书记、国家主席习近平同朝鲜劳动党委员长、国务委员会委员长金正恩在大连举行会晤。新华社记者 鞠鹏 摄</p><p></span><strong>【学习进行时】</strong><u>5月7日至8日，习近平同金正恩在大连举行会晤。这是今年3月底以来中朝两国领导人第二次会晤。40多天，两次会晤，习近平同金正恩都谈了哪些大事？新华社《学习进行时》原创品牌栏目“讲习所”今天推出文章，为您梳理。</u></p><p>5月7日至8日，中共中央总书记、国家主席习近平同朝鲜劳动党委员长、国务委员会委员长金正恩在大连举行会晤。在当前朝鲜半岛局势深刻复杂演变的关键时刻，习近平和金正恩40多天内两度会晤，极具深意。</p><p><strong>话题一：传统友谊</strong></p><p>“中朝传统友谊是两党两国老一辈领导人亲自缔造和精心培育的，是双方共同的宝贵财富。”“中朝几代领导人一直保持着密切交往，像走亲戚一样常来常往。”</p><p>3月底，在同金正恩举行首次会晤时，习近平就用“国际关系史上的一段佳话”高度评价中朝传统友谊，亲切表示“我和委员长同志都是中朝关系发展的亲历者和见证者”。习近平强调传承发展好中朝关系是“双方基于历史和现实，立足于国际地区格局和中朝关系大局，作出的战略选择，也是唯一正确选择，不应也不会因一时一事而变化”。</p><p>春暖花开时节的会晤，达成的“四方面原则共识”犹如东风拂面暖人心扉：</p><p>――中朝传统友谊是双方共同的宝贵财富，发展好中朝友好合作关系是双方坚定不移的方针，也是唯一正确选择。</p><p>――中朝同为社会主义国家，双边关系具有重大战略意义，要加强团结合作、交流互鉴。</p><p>――两党高层交往对于引领双边关系具有不可替代的重大作用，双方应保持经常往来，加强战略沟通，增加理解互信，维护共同利益。</p><p>――夯实民间友好基础是推进中朝关系发展的重要途径，应通过多种形式，加强两国人民交流往来，为中朝关系发展营造良好民意基础。</p><p>5月初的会晤，在“在双方共同努力下，各项共识正在得到良好的贯彻落实”的背景下举行。“我同委员长同志首次会晤以来，中朝关系和朝鲜半岛形势均取得积极进展，我对此感到高兴”，习近平表示“愿同委员长同志再次举行会晤，共同为推动中朝关系健康稳定发展、实现朝鲜半岛长治久安、促进地区和平稳定繁荣作出努力”。</p><p>“朝中两党两国老一辈领导人同志式的相互信任和情义，是朝中传统友谊的亲密纽带和坚实根基。”金正恩积极作出回应表示，“相信时隔一个多月的再次会晤将加深彼此互信，推动朝中友好合作关系顺应新时代的要求，取得更为密切的全面发展”。</p><p><strong>话题二：半岛局势</strong></p><p>当下，朝鲜半岛局势正处在深刻复杂演变的关键时刻，半岛问题是国际范围受到广泛关注的焦点之一。</p><p>在首次会晤时，习近平同金正恩就此问题深入交换了意见，呼吁各方支持半岛北南双方改善关系，共同为劝和促谈作出切实努力，并且表示“中方愿在半岛问题上继续发挥建设性作用，同包括朝方在内的各方一道努力，共同推动半岛形势走向缓和”。</p><p>3月29日，韩国和朝鲜代表在板门店朝方一侧的统一阁举行高级别会谈。</p><p>4月20日，朝鲜劳动党七届三中全会提出了全党全国集中一切力量进行社会主义经济建设的战略路线，宣布停止核试验和洲际弹道导弹试射、废弃北部核试验场。</p><p>4月27日，韩国总统文在寅和朝鲜国务委员会委员长金正恩在板门店举行会晤并签署《板门店宣言》，宣布双方将为实现朝鲜半岛无核化和停和机制转换而努力。</p><p>“在有关各方共同努力下，半岛对话缓和势头正不断巩固，朝着有利于推动政治解决的方向发展。”本次会晤时，习近平表示，中方支持朝方坚持半岛无核化，支持朝美对话协商解决半岛问题，愿继续同有关各方一道，为全面推进半岛问题和平对话解决进程、实现地区长治久安发挥积极作用。金正恩则高度评价了习近平总书记的远见卓识，感谢中方长期以来为实现半岛无核化、维护地区和平稳定作出的重要贡献。</p><p><strong>话题三：发展道路</strong></p><p>珍视和平，尊重各国自主选择的发展道路，这是习近平在国际场合反复提及的重要理念，也是国际关系基本准则和时代潮流的必然要求。</p><p>“中国特色社会主义已经进入新时代，朝鲜社会主义建设也进入了新的历史时期。”首次会晤时，习近平指出，我们希望朝鲜政治稳定、经济发展、人民幸福，支持以委员长同志为首的朝鲜劳动党带领朝鲜人民沿着社会主义道路不断前进，支持朝鲜同志为发展经济、改善民生所作积极努力。</p><p>本次会晤时，习近平对朝鲜近期作出的系列决策表示赞赏，并且表示“支持朝方战略重心转向经济建设，支持朝鲜同志走符合本国国情的发展道路”。</p><p>“我愿同委员长同志一道，继续指导双方有关部门落实好我们达成的共识，推动中朝关系不断向前发展，造福两国和两国人民，为本地区和平稳定作出积极贡献。”习近平的话语情真意切。</p><p>（原题为《40多天两度会晤，习近平同金正恩谈了哪些大事》）<audio controls=""controls"" style=""display: none;""></audio></div>
				<div class=""go_to_topic"">
							</div>"
空姐乘滴滴遇害案嫌疑人已锁定，遇害前微信同事称司机想亲她,"<div>
					<p>澎湃新闻记者 彭瑜</p>
					<p>
							2018-05-10 17:55<span> 来源：澎湃新闻</span>
					</p>
					</div><div class=""news_txt"" data-size=""standard""><p><div style=""text-align:center;""><img src=""https://feedx.net/rss/function/getimg.php?img=http://image.thepaper.cn/www/image/7/654/493.jpg"" width=""600"" height=""800"" style=""margin:0.7em 0"" /></div><span style=""color: margin:0 0 0.7em"">空姐李某照片 本文图均为 受访者 供图</p><p></span>5月10日，澎湃新闻（www.thepaper.cn）从知情人士处获悉，郑州警方已锁定“空姐乘坐滴滴顺风车遇害”案嫌疑人，正全力抓捕。据遇害空姐李某家属的朋友介绍，在乘车不久，李某曾微信和同事说司机有些变态，说她漂亮想亲她一口，同事就劝她快下车。</p><p>据河南媒体报道，5月6日，遇害空姐在郑州市航空港区搭乘一辆轿车赶往市内时遇害。报道称，民警告诉遇害者家属，嫌犯是一名滴滴司机，身上携凶器，作案后潜逃。</p><p>案发后，滴滴相关人士向澎湃新闻确认，经公司核实，该司机为顺风车司机，注册信息都是真实的。</p><p><div style=""text-align:center;""><img src=""https://feedx.net/rss/function/getimg.php?img=http://image.thepaper.cn/www/image/7/654/514.jpg"" width=""600"" height=""1067"" style=""margin:0.7em 0"" /></div><span style=""color: margin:0 0 0.7em"">对话截图</p><p></span>遇害空姐李某家属的朋友告诉澎湃新闻，李某是5月5日从昆明飞到郑州，当晚在与航空公司签约的宾馆换装洗浴后，夜里11点50多分出门乘坐滴滴。她买的6日凌晨1点从郑州到济南的卧铺，要回老家参加亲戚的婚礼。在乘车不久，李某曾微信和同事说司机有些变态，说她漂亮想亲她一口，同事就劝她快下车，其间同事还给她打电话，但她称“没事没事”，同事就挂了电话。</p><p>这位朋友说，因为6日一直联系不上李某，7日家属很担心，因为同事知道李某当晚乘坐滴滴，便开始联系滴滴公司以及警方，同时赶往警方报案。8日，警方告知家属李某的遗体被找到，身中多刀，“非常惨”。</p><p>他介绍，李某今年21岁，身高1米74，是家中的“独生女""，刚参加工作不久。</p><p><div style=""text-align:center;""><img src=""https://feedx.net/rss/function/getimg.php?img=http://image.thepaper.cn/www/image/7/654/494.jpg"" width=""600"" height=""1067"" style=""margin:0.7em 0"" /></div><span style=""color: margin:0 0 0.7em"">李某滴滴订单</p><p></span>滴滴公司发布通报称，对郑州顺风车乘客李女士遇害一事，感到万分悲痛和愧疚，“真诚地和李女士的家人道歉，作为平台我们辜负了用户的信任，在这件事情上，我们负有不可推卸的责任。 ”</p><p>滴滴公司表示，滴滴已经成立了专项工作组，密切配合警方开展案件侦查工作，目前案件正在侦破过程中。请李女士的家人以及公众放心，滴滴将尽最大努力协助警方尽快破案，将凶手绳之以法，还李女士和家人一个公道。滴滴公司表示，再次向乘客家人以及公众道歉。会全力做好后续工作，同时全面彻查各项业务，避免类似事件的发生。</div>
				<div class=""go_to_topic"">
							</div>"
工作78年的香港“超人”李嘉诚正式交棒，称退休后如常上班,"<div>
					<p>澎湃新闻记者 陶宁宁</p>
					<p>
							2018-05-10 13:03<span> 来源：澎湃新闻</span>
					</p>
					</div><div class=""news_txt"" data-size=""standard""><p><div style=""text-align:center;""><img width=""600"" height=""391"" style=""margin:0.7em 0"" src=""https://feedx.net/rss/function/getimg.php?img=http://image.thepaper.cn/www/image/7/640/423.jpg"" /></div><span style=""color: margin:0 0 0.7em"">李嘉诚 &#160;东方IC 资料图</span></p><p>5月10日，香港“超人”李嘉诚正式退休的日子终于来临。而李嘉诚一手建立起来的长和系商业帝国，也将由他的长子李泽钜全权接手，李泽钜将成为长和集团新一任的主席。</p><p>但即便如此，有关李嘉诚究竟时真的退休还是退而不休，却依然显得扑朔迷离。李嘉诚5月10日前往出席股东大会时李嘉诚曾表示，退休后仍有很多事情要做，例如基金会工作。他又说，退休后会如常上班，只是担任不同的工作范畴。</p><p><div style=""text-align:center;""><img width=""600"" height=""411"" style=""margin:0.7em 0"" src=""https://feedx.net/rss/function/getimg.php?img=http://image.thepaper.cn/www/image/7/640/406.jpg"" /></div><span style=""color: margin:0 0 0.7em"">2018年3月16日，香港，长和系旗下四大公司召开业绩发布会，李嘉诚宣布有关退休的具体计划并回答媒体提问。视觉中国 图</span></p><p><strong>李嘉诚：今日心情和平日没有区别</strong></p><p>根据香港媒体报道，5月10日一大早，便有大批记者等在李家大宅外，李嘉诚通过电话向等候的媒体表示感谢，称自己感到开心，自己12岁工作，已经数十年，今日心情与平日没有区别。李嘉诚将出席中午12点举行的长和股东大会，这也是其退休前主持的最后一次股东会。</p><p>在电话中，李嘉诚还强调了自己对于“接班人”长子李泽钜的信心。“看着他工作数十年没有信心是假的”。</p><p>近年来，关于李超人何时退休的话题，几乎每隔一两个月便会见诸媒体。虽然，有关李嘉诚将在90岁之际退休的消息早已在市场上有所传闻，但直至今年3月16日，长和系旗下四大公司召开业绩发布会时，李嘉诚本人才亲自宣布了有关退休的具体计划。</p><p>李嘉诚称：“本人决定于应届公司股东周年大会后退下集团主席之位，并辞任执行董事。”</p><p>李嘉诚还宣布，“董事会亦建议并推选于长江集团与本人并肩服务33年的李泽钜先生出任集团主席，并续任集团联席董事总经理，而一众高层行政人员全体将继续与李泽钜先生共同推动集团迈向崭新业务里程。”</p><p>“我12岁开始工作，到今天整整78年，换做普通人工作时间我已经超过100年，还好要感谢我这个身体。”李嘉诚对自己退休后集团的运作表示放心，他说世界上有很多事，但无论如何，整班管理层在工作上都有互相的了解，做什么决定都不会发生很大的冲突。</p><p>除了从长和主席的位置上退下来之外，李嘉诚还透露，会辞去汕头大学校董会主席，这一位置也将由长子李泽钜接替。</p><p><div style=""text-align:center;""><img width=""600"" height=""399"" style=""margin:0.7em 0"" src=""https://feedx.net/rss/function/getimg.php?img=http://image.thepaper.cn/www/image/7/640/405.jpg"" /></div><span style=""color: margin:0 0 0.7em"">2018年3月16日，香港，李泽钜和李嘉诚。视觉中国 图</span></p><p><strong>退休后担任“顾问”的李嘉诚是否会退而不休</strong></p><p>至于李嘉诚退休之后的去向，他本人曾表示回去旅行。但业内许多人都相信，李嘉诚并不会真正退下来，退而不休可能是李嘉诚真正的选择。</p><p>这一猜测并非毫无根据，<strong>在宣布退休的同时，李嘉诚也透露，自己会担任集团顾问的职位。</strong>至于顾问一职的权限究竟有多大，作为顾问的李嘉诚究竟还是否会主导长和系的决策，这不由令业内浮想联翩。</p><p>李嘉诚本人曾表示，“公司如果什么决定都要我这个顾问来做，那我为什么还要辞职？”暗示其会真的放手、放权。不过，即将“即位”的李泽钜也曾透露，自己与父亲住在楼上楼下，和父亲怎么会不谈（工作）。</p><p>在5月9日，长江基建集团举行的股东大会上，李泽钜进一步透露了父亲还会继续“上班”的消息。<strong>在李泽钜被问及接任李嘉诚职务的心情时，他表示，自己已于公司工作逾30年，而父亲亦会继续上班，因此不觉得将会大有任何大转变。</strong></p><p>李泽钜还称，相信与长和联席董事总经理霍建宁将继续合作，并已共事好多年，又笑言自己与对方为“同期训练班”。</p><p>而就在今年5月3日，长和集团与小米达成战略合作之时，小米始创人、董事长兼首席执行官雷军还曾与李嘉诚就智能硬件与智能电话最新发展交换意见。</p><p>雷军特别发了一条微博描述了他与李嘉诚见面的细节，“今天中午，我有幸见到了李嘉诚先生，给他介绍了小米，并展示了我们最新的产品小米MIX 2S和小米6X。今天李先生精神很好，我借这个宝贵的机会，请教了不少问题，比如他如何看中美贸易纠纷等。”</p><p>值得注意的是，在当日的战略合作仪式上，即将在一周之后接班长和的李泽钜同样在列，但雷军的微博却对这位马上就要即位的“太子”只字未提。</p><p><div style=""text-align:center;""><img width=""600"" height=""386"" style=""margin:0.7em 0"" src=""https://feedx.net/rss/function/getimg.php?img=http://image.thepaper.cn/www/image/7/640/424.jpg"" /></div><span style=""color: margin:0 0 0.7em"">2018年3月16日，香港，李泽钜在发布会上。东方IC 图</span></p><p><strong>比起父亲和弟弟，李泽钜显得更为低调</strong></p><p>1928年出生的李嘉诚不足15岁时便开始独立谋生，并于1950 年开始创业，1972 年长江实业（集团）有限公司上市。可以说，李嘉诚的创业经历已长达68年，从商经历更是超过了70年，并曾获得“塑胶花大王”、“香港超人”等商界美誉。</p><p>李嘉诚无疑是一个工作狂人，用李嘉诚自己的话说，他46年没有拿过薪水，每一年只拿5000元港币。“对于股东来讲，我已经履行了我的旅程。”</p><p>作为李嘉诚选定的接班人，李泽钜显然继承了父亲的刻苦和内敛。而与父亲和弟弟李泽楷不同的是，李泽钜显得更为低调。</p><p>不满十岁便被安排出席父亲公司的董事会议、大学时按照父亲的意愿攻读与房地产有关的土木工程专业，毕业后进入父亲的公司从基层做起，甚至为了公司海外业务的开拓将国籍变更为加拿大籍……李泽钜自出生以后经历的种种，都不难看出是经过了李嘉诚的精心安排。而这位长和“太子”也从来没有表现出任何叛逆，甚至是连“个性化”的举动都看不到。</p><p>他几乎完全没有八卦绯闻，也不愿意向公众透露更多自己的私人生活细节，保持着十足的神秘感。</p><p>在李泽钜步入中年以后，其将坐上长和系接班人的宝座可谓已是板上钉钉之事，但每每被问及接班或者父亲李嘉诚退休的问题，李泽钜都表现得极为谦逊。他几乎回避了所有有关接班的问题，也很少在与父亲一同公开露面的场合有太多的发言和自我表现。</p><p>即便到了去年8月，在李嘉诚麾下长和以及长实地产发布2017年中期业绩报告当日晚间举行的长实分析员会议上，长和系“老臣子”、长实地产副董事总经理的叶德铨笑称李泽钜是“明年的主席”，李泽钜都没有欣然接受这一称谓，而是选择在公开场合明确澄清了这一消息，他甚至表示自己没有从父亲李嘉诚口中得悉这些消息，并表示，自己认为工作上不会有什么转变。</p><p>但无论李泽钜过去如何低调内敛，他站在长和系商业帝国舞台中央的那一天终于来临了。在超人李嘉诚步入90岁高龄之际，他的长子李泽钜也已经54岁。</p><p>李嘉诚究竟是退休还是退而不休？年过半百的长和接班人李泽钜是否能展现出其独当一面的风姿？真正的答案仍然让人期待。</div>
				<div class=""go_to_topic"">
							</div>"
云联惠覆灭记：自称交易金额3300亿，为何会被定性为传销,"<div>
					<p>澎湃新闻记者 戴高城</p>
					<p>
							2018-05-10 09:10<span> 来源：澎湃新闻</span>
					</p>
					</div><div class=""news_txt"" data-size=""standard""><p>特大网络传销团伙“云联惠”被摧毁。</p><p>广东省广州市公安局通报称，5月8日，广东省公安厅部署广州警方开展收网行动，成功摧毁“云联惠”特大网络传销犯罪团伙，黄某等多名主要犯罪嫌疑人在行动中落网。</p><p>经查，以黄某为首的该团伙成立广东云联惠网络科技有限公司（以下简称“云联惠”），并依托该公司“云联商城”，以“消费全返”等为幌子，采取拉人头、交纳会费、积分返利等方式引诱人员加入，骗取财物，严重扰乱经济社会秩序，涉嫌组织、领导传销活动犯罪。</p><p>今年4月底，广东一名地方官员曾对澎湃新闻记者提及，相关部门已经在布局，对云联惠的处理很快就会有结果。</p><p>可见的是，对云联惠的举报从2014年其成立之初就不时出现，近年云联惠被地方监管部门查处的消息也不时曝出。</p><p>云联惠官网之前披露的数据称，到2018年5月8日，云联惠的累计交易金额约为3300亿元。今年1月，一名与云联惠有合作的商家在朋友圈发的数据显示，云联惠称其目前在8家银行共有9000亿存款。</p><p><div style=""text-align: center;""><img src=""https://feedx.net/rss/function/getimg.php?img=http://image.thepaper.cn/www/image/7/645/38.jpg"" style=""margin:0.7em 0"" height=""414"" width=""600"" /></div><span style=""color: margin:0 0 0.7em"">广州警方通报 微博@广州公安 图</p><p></span><strong>广州公安敦促云联惠犯罪人员一周内投案</strong></p><p>从5月8日早上7时左右开始，云联惠的官网、APP全部无法打开。</p><p>5月9日再打开云联惠官网，其显示的是广州市公安局的一则通告，通告称，广东云联惠网络科技有限公司（其官方网站云联商城www.yunlianhui.cn，简称：云联惠）黄明等人涉嫌组织、领导传销犯罪已被广州市公安局立案调查。通告主要内容包括：</p><p>一，参与云联惠犯罪活动的人员，在2018年5月15日之前，主动向公安机关投案的，根据宽严相济的刑事原则，将依法予以从宽处理。</p><p>二，云联惠的会员在本公告公布之日起，可在六十日内，携带本人身份证明材料、会员注册证明材料、合同、会员的交易流水账户和预存款凭证等书面材料，依法向公安机关反映情况。</p><p>即便如此，有网友晒出云联惠内部群的通知显示，仍有云联惠成员在试图安抚合作伙伴，称广东公安的摧毁行动只是“调查”，还撇清自己不是传销，提醒合作伙伴万一接受警方调查要自称消费者或商家等。</p><p>有媒体走访发现，一些广州以外地区的云联惠网点，虽然已经取下了显眼的招牌，但依然有工作人员在办公。当记者以投资者身份打听公司现状时，工作人员强调的依然是公司不会有事。</p><p>更多的投资者开始报案登记。</p><p>5月9日，澎湃新闻联系到湖南一位云联惠投资者，他不久前不顾朋友劝说，刚投了200万进去，按照他的说法，“现在完全是懵的，肠子已经悔青”，而且他已经联系不上在广州的上线。</p><p>这名投资者已经去当地派出所报案登记。</p><p><div style=""text-align: center;""><img src=""https://feedx.net/rss/function/getimg.php?img=http://image.thepaper.cn/www/image/7/647/954.jpg"" height=""400"" width=""600"" style=""margin:0.7em 0"" /></div><font color=""#808080"">云联惠核心人物黄明</font></p><p><strong>谁的云联惠</strong></p><p>云联惠的运作平台公司广东云联惠网络科技有限公司，注册时间已有4年。</p><p>企查查数据显示，广东云联惠网络科技有限公司注册于2014年1月6日，位于广州市海珠区宸悦路32号，注册资本为100001万元，其法定代表人是黄观勇，经营范围包括网络技术的研究、开发；商品信息咨询服务；企业管理咨询服务;科技信息咨询服务；市场营销策划服务等。</p><p>广东云联惠网络科技有限公司的三大股东为广东云联国骥投资管理有限公司、广州泓蚨投资管理中心（有限合伙）和黄明，三者分别持股43.91%，37.27%和18.82%。</p><p>前两大股东中，广东云联国骥投资管理有限公司也是黄明旗下公司，该公司的法定代表人是黄明。企查查数据显示，黄明在广东云联国骥投资管理有限公司的持股比例为99.7950%，且该公司的注册地也在广州市海珠区宸悦路32号。</p><p>广州泓蚨投资管理中心（有限合伙）的第一大股东则为黄坤，其持股80%，广东云联国骥投资管理有限公司持股19.00%，广州云系股权投资有限公司持股1%。作为该投资基金管理人的广州云系股权投资有限公司，法定代表人是黄友鑫，持股75%；另一股东为黄坤，持股25%。</p><p>企查查数据显示，广东云联惠网络科技有限公司涉及法律诉讼39条。</p><p>最近的一条相关信息是，湖南省汉寿县人民法院作出的行政裁定书（2018）湘0722财保6号，汉寿县食品药品工商质量监督管理局在查处广东云联惠网络科技有限公司涉嫌传销一案，为防止广东云联惠网络科技有限公司转移或隐匿违法资金，于2018年2月2日向法院提出申请，请求对广东云联惠网络科技有限公司在上海浦东发展银行广州琶洲支行账号的存款1000万元予以冻结，该申请获得法院支持。</p><p>关于这次裁定，广东云联惠网络科技有限公司还曾发文回应称，这只是调查过程，并未认定其为传销，该公司还提醒会员“不要以讹传讹”。</p><p>关于云联惠负责人黄明，外界所知的确切信息不多。</p><p>有网络上的宣传文章称，黄明1963年出生于广东省廉江市雅塘镇，1983年广东湛江师范学院中专毕业后，分配到当地教书，期间取得律师执照。1993年下海创业，曾在佛山顺德做过金融设备（验钞机）销售业务，筹资开设点钞机、验钞机厂，1995年后，创建以所罗门系列集群企业，并经营至今。</p><p>对于上述信息，澎湃新闻记者未能证实。</p><p>可见的是，在云联惠的股权版图中，其涉及的股东或法定代表人普遍姓黄。</p><p><div style=""text-align: center;""><img src=""https://feedx.net/rss/function/getimg.php?img=http://image.thepaper.cn/www/image/7/647/952.jpg"" height=""444"" width=""600"" style=""margin:0.7em 0"" /></div><span style=""color: margin:0 0 0.7em"">云联惠股权架构</span></p><p><strong>高达十几倍的收益率</strong></p><p>按照广州警方的通报，这次被摧毁的云联惠团伙，进行的是网络传销犯罪。那么，这种模式为何能蒙骗众多投资者？</p><p>目前网上能找到的云联惠网络商学院教学视频《返还原理》内容显示，云联惠的运作模式是，消费1元等于100个白积分。假设某消费者在该平台消费了100元，这100元将会以10000个白积分的形式存在，只有超过10000个白积分后才会转换成红积分，红积分=现金价值。</p><p>根据规则，云联惠每天返还的额度是在总额的基础上减去已返还的金额，再乘以万分之五左右。</p><p>也就是说，每天返还的金额会越来越少，返还的期限会变长。粗略计算，以10000元消费为例，5年返60%，10年返84%，需要25年才能返99%，最后的1%无法返还。</p><p>通俗理解，假如将云联惠的返利看作一个金融产品，5年的收益就是60%，10年就是84%。</p><p>而对商家来说，则需要向平台缴纳一定金额的佣金――每笔交易额的16%，不过之后平台也会以每天0.05%左右的比例进行返还。</p><p>在更多云联惠合作伙伴的线下宣讲中，给出的收益回报承诺更高。</p><p>澎湃新闻记者在另一起调查中，曾参加过一个公司的产品推介会，该公司推介的一个产品就是云联惠的消费卡，按照讲师的说法，该产品的收益率甚至高达十几倍。</p><p>以投资10万为例，该种消费卡每个月可以获得云联惠10万元的消费积分，1年可以获得120万元的消费机会，到了年底这10万元本金还能退还消费者，照此算，该款产品的收益率可以达到一年13倍。</p><p><div style=""text-align: center;""><img src=""https://feedx.net/rss/function/getimg.php?img=http://image.thepaper.cn/www/image/7/644/198.jpg"" style=""margin:0.7em 0"" height=""439"" width=""600"" /></div><span style=""color: margin:0 0 0.7em"">“云联惠”合作方线下活动现场</span></p><p><strong>涉嫌非法集资</p><p></strong>问题是假定云联惠是个金融产品，那么云联惠的收益来自哪里呢？</p><p>根据视频的说法，主要通过现金流、大数据、广告费、上市等方式赚钱。</p><p>但这些说法并不靠谱。</p><p>以上市为例，此前云联惠对外宣布，其通过收购美国环球电商城在美国“上市”。根据云联惠官网消息，广东云联惠网络科技有限公司在广州云系股权出资有限公司的教导与协助下，于2015年12月15日正式完结对美国环球电商城（上市代码OTCBB：WMAL）的收买，并与2015年12月21日向美国证监会正式提交股权改变布告。</p><p>OTCBB是美国股票交易市场OTC Markets的简称，OTC指场外交易市场，是指为达不到上市条件的企业提供股权交易的平台，这和纳斯达克上市的公司完全是两个概念。</p><p>云联惠此前被广东省有关部门定性为涉嫌非法集资也是基于此事。有业内人士告诉澎湃新闻，当时云联惠为了所谓上市对外融资，融过两轮，从1个亿融到10亿，再从10亿融到100亿，中间手续很多有问题，后来有关部门查了后认为，融资过程存在问题，有涉嫌非法集资的可能。</p><p>对此，日前中国人民银行官网发布关于《防范“消费返利（注册领返利红包）”风险谨防利益受损》的公告就提到，一些第三方平台打着“创业”“创新”的旗号，以“购物返利”“消费等于赚钱”“你消费我还钱”为噱头，承诺高额返消费款、加盟费等，以此吸引消费者、商家投入资金。<div style=""text-align: center;""><img src=""https://feedx.net/rss/function/getimg.php?img=http://image.thepaper.cn/www/image/7/647/951.jpg"" width=""600"" height=""1299"" style=""margin:0.7em 0"" /></div><span style=""color: margin:0 0 0.7em"">云联惠合作方网络宣传内容</span></p><p><strong>为何会被定性为传销</strong></p><p>云联惠从最初的涉嫌非法集资如何到涉嫌传销的呢？</p><p>前述广东某地方政府人士称，如果以涉嫌非法集资罪名来查处云联惠，是比较困难的。从法律法规的角度来说，在《处置非法集资条例》没有出来前，政府相关部门是没有处置权的，比如现在打非办是挂在金融办下面，这个部门现在工作更多是在宣传上，没有行政管理权。而公安部门也只有接到办案后才能查处，像这种旁氏骗局在前期是没人报案，没人受到损失，等受到损失的时候已经晚了。</p><p>“云联惠本质上就是拉人头，是典型的传销案例，完全可以以传销罪名来查处。”上述政府人士称。</p><p>据了解，云联惠共有三级：免费的普通会员、交99.9元的普通商家会员（金钻）和交999元的创业商家会员（铂钻）。会员级别越高，享受的权限越高。比起免费会员，金钻会员和铂钻会员除了享受消费积分返还，还有推荐权（发展下线）即每推荐一个人就能拿到一笔提成。</p><p>如果被推荐人是消费者，推荐人可以获得消费金额的5%；如果被推荐人是商家，推荐人可获得销售金额的2.5%。</p><p>此前中国反传销第一人李旭曾在接受采访时表示，“借旧还新让云联惠持续进账，但是细水管进宽水管出，资金链早晚会断裂。云联惠用规则延缓崩盘的速度，从静态来说是庞氏骗局；从动态来看，其通过招加盟商拉人头发展下线，涉嫌传销。”</div>
				<div class=""go_to_topic"">
							</div>"
金正恩时隔40天再访华，专家称或与美抬高无核化要价有关,"<div>
					<p>澎湃新闻记者 李佩 于潇清</p>
					<p>
							2018-05-09 19:40<span> 来源：澎湃新闻</span>
					</p>
					</div><div class=""news_txt"" data-size=""standard""><p>继3月28日访问北京后，时隔仅仅40天，朝鲜劳动党委员长、国务委员会委员长金正恩搭乘专机“苍鹰一号”于5月7日降落大连。</p><p><div style=""text-align:center;""><img src=""https://feedx.net/rss/function/getimg.php?img=http://image.thepaper.cn/www/image/7/638/547.jpg"" width=""600"" height=""711"" style=""margin:0.7em 0"" /></div><span style=""color: margin:0 0 0.7em"">5月7日至8日，中共中央总书记、国家主席习近平同朝鲜劳动党委员长、国务委员会委员长金正恩在大连举行会晤。 新华社 图</p><p></span>据新华社8日发自大连的消息称，5月的大连，青山萦翠，碧海流云。5月7日至8日，中共中央总书记、国家主席习近平同朝鲜劳动党委员长、国务委员会委员长金正恩在大连举行会晤。报道称，习近平同金正恩举行会谈，并为金正恩举行欢迎晚宴，一同散步、出席午宴，在亲切友好的气氛中，两党两国最高领导人就中朝关系及共同关心的重大问题全面深入交换意见。</p><p>该报道称，两党两国最高领导人就近期朝韩首脑会谈、朝美会谈及朝核问题等进行通报和讨论，体现了“中朝战略沟通的重要性”。</p><p>“这次会面向美韩充分释放了讯号，”韩国外国语大学教授、全球安保合作中心主任黄载皓日前对澎湃新闻（www.thepaper.cn）表示，在朝韩首脑会谈之后、美朝会谈之前，朝鲜也借此说明，如果美国施加巨大的压力，朝方还有别的选择。</p><p>复旦大学中国研究院讲师、察哈尔学会研究员王鹏也对澎湃新闻表示，美朝之间缺乏战略互信，此前美国新任国务卿蓬佩奥将朝鲜去核的要求从CVID（全面的、可核查的、不可逆的无核化）变成PVID（永久地、可核查的、不可逆的无核化），加上特朗普准备宣布退出伊朗核协议，金正恩为了强化自己的自信，希望能在9日举行的中日韩领导人会议召开之前，寻求来自中国的帮助，以达到威慑美国、拉拢韩国的目的，并回应之前美国在会谈前夕表现出来的强硬立场。</p><p><strong>重申中朝友谊和分阶段无核化</strong></p><p>继3月底出乎外界意料地进行了会晤之后，据新华社报道，在此次与金正恩的会谈中，习近平指出，委员长同志在当前朝鲜半岛局势深刻复杂演变的关键时刻，时隔40多天再次专程来华同我举行会晤，体现了委员长同志和朝党中央对中朝两党两国关系的高度重视，对两党两国战略沟通的高度重视，我予以高度评价。</p><p>据新华社报道，金正恩则表示，在当前地区形势快速发展的关键时期，我再次来到中国同总书记见面并通报情况，希望同中方加强战略沟通和合作，推动朝中友谊深入发展，促进地区和平稳定。</p><p>习近平还在会谈中再次强调了两人在3月会晤中就发展新时代中朝关系达成的四方面原则共识。金正恩则再次表明了无核化的决心，称实现朝鲜半岛无核化是朝方始终如一的明确立场。</p><p>“只要有关方面消除对朝敌视政策和安全威胁，朝方没有必要拥核，无核化是可以实现的。”金正恩说，希望通过朝美对话建立互信，有关各方负责任地采取分阶段、同步性的措施，全面推进半岛问题政治解决进程，最终实现半岛无核化和持久和平。</p><p>“单根据双方内容表述来看，和第一次两人见面的表述差别并不大，还是强调沟通与合作、中朝发展是两国唯一正确的选择。同时，中国再次支持了朝鲜分阶段同步性的无核化方案。”韩国外国语大学教授、全球安保合作中心主任黄载皓对澎湃新闻表示，此次会晤再次强调了中朝的传统友谊关系，正如双方在3月会谈时习近平说过的“像亲戚一样”。</p><p>黄载皓认为，如果说中韩是战略伙伴关系，有事就会一起谈，但中朝是“我们是随时都可以见个面的”，哪怕是没有固定的主题，未来也可能随时见面。</p><p>此次会面只是中朝近期高层频繁互动的再一次延续。今年3月，两党两国最高领导人实现首次历史性会晤。4月14日，金正恩在劳动党中央委员会总部会见了访朝的中共中央对外联络部部长、中国艺术团团长宋涛。当晚，金正恩和夫人李雪主还为中国艺术团举行盛大的欢迎招待会。5月3日，朝韩第三次首脑会晤之后，金正恩在劳动党中央委员会总部会见了访问朝鲜的中国国务委员兼外交部长王毅，并重申了朝鲜无核化的意愿。</p><p><strong>美朝会晤前战略互疑再增</strong></p><p>受访专家普遍认为，此次中朝领导人会面与正在准备的朝美会谈相关。</p><p>黄载皓表示，朝鲜与美国的政策与立场还是有一些不同的地方。这次见面的时机非常重要，美朝会谈准备的过程中可能出现了一些问题。</p><p>事实上，尽管美朝即将举行会谈，但是日前双方的一些表态似乎意味着尚未就会谈达成一致意见，尤其是特朗普政府的强硬立场引发了朝鲜的不满。</p><p>韩媒此前报道，多位政府消息人士5月1日表示，美国空军的F-22猛禽战斗机最近从美国本土出发参加在韩国举行的韩美联合空中军事演习――超级雷霆（Max Thunder）。韩国《中央日报》报道称，此次共有8架F-22猛禽战斗机参加军演，特朗普此举或是为了最大限度地向朝鲜施压。 </p><p>美国媒体随后报道，美国国务院发表声明抨击朝鲜的人权纪录，并公开批评朝鲜政府。</p><p>5月6日，朝鲜外务省发言人在美朝首脑会谈前也首次公开批评了美国。该发言人表示，半岛局势正在朝向和平与和解的方向发展。美方不合时宜地做出有意刺激对方的行为，是在给好不容易营造出的良好对话氛围浇冷水，只能将其视为想让半岛局势再次重返原点的危险行为。若美国将朝方爱好和平的意志视为软弱可欺，持续对朝施加压力和军事威胁，这将无助于问题的解决。</p><p>另一方面，值得注意的是，美国从小布什政府时开始就一直主张的朝鲜无核化主张“CVID”，即“全面的、可查证的、不可逆的废弃（complete, verifiable, irreversible dismantlement）”，如今有了新的变化。美国新任的鹰派国务卿蓬佩奥在5月2日的就职演说中突然提出了“PVID”这一新概念，将“完全的”（complete）条件进一步升级为“永久的（permanent）”。5月5日，美国白宫国家安全顾问约翰・博尔顿在转达与日本国家安保局长谷内正太郎的会谈结果时再次对此进行了确认，曾作为朝鲜无核化原则的“CVID”进一步升级为“PVID”。</p><p>上海社科院国际问题研究所常务副所长刘鸣日前在一场讲座中也表示，若使用“CVID”原则，则只要完全消灭核武器即可。但若实行“PVID”，就表示美国对朝鲜去核的目标是将朝鲜的核开发能力“斩草除根”，这意味着朝鲜永远都不能再制造核武器。</p><p>刘鸣认为，这种弃核标准甚至意味着要对朝鲜200余名科学人员和2000余名的技术人员进行彻底管理，势必引起朝鲜的不适。而这发生在存在信任赤字的美朝会谈前夕，可能会影响会谈前的准备。</p><p>“对于朝美会谈，本来朝鲜准备在朝美会谈上的‘无核化内容’已经很多，但美方可能提出了更高的要价。”黄载皓认为，这也可能是特朗普目前的一种谈判策略：如果美国的底线是“CVID”，那么他就会报出更高的条件“PVID”，特朗普认为如果他仅仅提出“CVID”，那么最后可能连这个标准也达不到，正是这样的互动促使朝鲜必须要和中国商量之后在关键问题上的步伐与方向。朝美会谈之后，可以想象在执行去核方面也会存在障碍，这次来华也是打预防针。</p><p><strong>突访大连时机颇为巧妙</strong></p><p>在美朝会谈前夕出现分歧之时，美国总统特朗普在当地时间5月8日正式宣布退出伊核协议，并将对伊朗实施“最高程度”的经济制裁。</p><p>另据日本新闻5月9日报道，中日韩三国领导人会议于当天上午10时在东京迎宾馆开始举行，这是相隔2年半以来举行的三国首脑峰会，东道主日本首相安倍晋三、中国国务院总理李克强、韩国总统文在寅出席了上午的峰会。</p><p>安倍在致辞时说，此次领导人会议希望能够就实现朝鲜的非核化、废弃弹道导弹，早日解决日本人被绑架问题达成共识，并加强合作。</p><p>另据新华社报道，李克强总理表示，朝鲜半岛形势正处于转圜向好的重要关口，各方应顺应时势，抓住机遇，推动实现半岛无核化，维护半岛和平与稳定。</p><p>“特朗普退出伊朗核协议为朝鲜提供了一个反面教材，伊朗问题给朝鲜上了一课，美国一直表现出强硬的态度，朝鲜也不信任美国。”复旦大学的王鹏说。</p><p>王鹏还分析称，金正恩此次访问中国的时机颇为巧妙，不仅恰逢中国和美国在贸易问题上出现分歧，也在中日韩领导人会议召开前夕，金正恩希望中国在朝鲜核问题上的主张也能够进一步得到韩国的支持。</p><p>此前，在文在寅与金正恩于4月27日会晤后的一星期，中韩领导人进行了通话。据央视新闻客户端5月4日消息，文在寅通报了韩朝领导人会晤成果，感谢中方为促成朝鲜半岛形势积极变化发挥的重要作用，感谢中方坚定支持南北对话。习近平表示，中方愿同包括韩朝双方在内的国际社会一道，为全面推进朝鲜半岛问题政治解决进程、最终实现本地区持久和平发挥应有的积极作用。</p><p>“金正恩希望中国‘分阶段’去核的方案能够传递给韩国，因为目前韩国在一揽子去核还是分阶段去核问题的选择上还在摇摆。”王鹏说。</p><p>黄载皓也认为，中韩领导人在朝韩首脑会谈一星期后通电话，这可能意味着中韩之间在朝鲜无核化问题上也存在一些差异。“可以想象的是，双方在‘三方’（朝韩美）还是‘四方’（朝韩中美）来解决无核化问题上需要进一步的协调。”他说道。</p><p>朝韩首脑会谈后发布的《板门店宣言》中称，双方决定，在《停战协定》签署65周年的今年宣布结束战争状态，推进停和机制转换，为建立牢固的永久性和平机制，努力促成韩朝美三方会谈或韩朝美中四方会谈。</div>"
汕头通报“城管抡铁锤打砸饭店”：2人停职，4协管员被开除,"<div>
					<p>澎湃新闻记者 陈绪厚 实习生 池玉杏</p>
					<p>
							2018-05-10 11:56<span> 来源：澎湃新闻</span>
					</p>
					</div><div class=""news_txt"" data-size=""standard""><p>针对“广东汕头市龙湖区城管人员粗暴执法”一事，汕头市政府应急管理办公室官方微博@汕头市政府应急办 5月10日凌晨通报称，视频中参与暴力执法的人员已通过媒体向学生以及市民道歉，龙湖区纪委、区作风办对涉事人员进行约谈，严肃批评谴责，教育其认识过激行为的错误影响，并决定对珠池街道城管执法中队长、副队长予以停职处理，对当事4名协管员予以开除处理。</p><p><div style=""text-align:center;""><img src=""https://feedx.net/rss/function/getimg.php?img=http://image.thepaper.cn/www/image/7/650/679.jpg"" width=""600"" height=""460"" style=""margin:0.7em 0"" /></div><span style=""color: margin:0 0 0.7em"">汕头城管野蛮执法，强行赶走在占道经营摊档用餐的学生，抡铁锤反复打砸桌椅、摔碎餐具。&#160; 截屏图</span></p><p>澎湃新闻（www.thepaper.cn）此前报道，5月8日，广东汕头龙湖区珠池街道一处饭店门前，几名身穿城管制服人员强行赶走在占道经营摊档用餐的学生，抡铁锤反复打砸桌椅、摔碎餐具，周边学生被吓后退。</p><p>对于上述事件，@汕头市政府应急办 5月9日凌晨通报称，视频发生时间是5月8日12点多，地点是在市实验学校对面的饮食店。视频中几名身着城管制服人员强行赶走正在占道经营摊档用餐的学生，用大铁锤反复打砸桌椅、摔碎餐具，引发学生惊恐，引来群众围观。视频在网络上迅速传播，引起市民热议，影响恶劣。</p><p>通报称，汕头市委领导高度重视，市委书记方利旭立即做出批示，并要求市作风办立即介入调查。5月8日晚，市作风办召开约谈会，对龙湖区政府分管领导和龙湖区城管局局长、创文办、作风办负责人，珠池街道党工委书记、办事处主任、分管城管的负责人，以及街道执法中队的全体人员进行约谈。市作风办责成龙湖区政府、珠池街道办事处、城管部门认识问题严重性，立即向社会作出道歉，消除影响。</p><p>5月10日凌晨，@汕头市政府应急办 再次通报称，5月8日晚，市作风办召开约谈会，约谈了相关人员。视频中参与暴力执法的人员当晚就通过媒体向学生以及市民道歉。龙湖区纪委、区作风办对涉事人员进行约谈，严肃批评谴责，教育其认识过激行为的错误影响，并决定对珠池街道城管执法中队长、副队长予以停职处理，对当事4名协管员予以开除处理。</p><p>通报表示，据城管执法人员介绍，丰泽南街市实验学校路段是各门店占道经营现象突出的地段。一直以来，城管工作人员经常对沿街商户进行宣传、教育，也对其做过相应的处罚，不少商户还写过“保证书”。但管理效果不佳，商贩占道经营的现象屡屡发生。</div>
				<div class=""go_to_topic"">
							</div>"
胡春华在江苏调研商务工作，强调要把开放的大门越开越大,"<div>
					<p>新华社</p>
					<p>
							2018-05-09 22:41<span> </span>
					</p>
					</div><div class=""news_txt"" data-size=""standard""><p>新华社南京5月9日消息，中共中央政治局委员、国务院副总理胡春华8日至9日在江苏省调研商务工作，并召开江浙沪粤四省市分管负责同志参加的商务工作座谈会。他强调，要认真学习领会贯彻落实习近平总书记关于全面扩大开放的重要指示精神，按照党中央、国务院决策部署，扎扎实实抓好各项商务工作，努力推动形成全面开放新格局。</p><p>胡春华走访了苏州、无锡、常州的科技、能源、信息电子、机械等企业，认真了解企业生产经营、技术进步等情况，仔细询问企业遇到的问题和困难。他指出，党的十九大提出推进贸易强国建设，这是提升企业竞争力、促进外贸持续健康发展的重大举措。要支持企业加大技术创新，不断提升产品和服务质量，大踏步赶上国际先进水平。要办好首届中国国际进口博览会，促进外贸平衡发展。要顺应外贸发展新趋势，壮大跨境电商、市场采购贸易、外贸综合服务等新业态新模式，为外贸发展注入新动能。</p><p>在苏州工业园综合保税区、无锡高新区综合保税区，胡春华实地了解园区产业布局、保税监管、通关效率等情况。他强调，海关系统要以国家机构改革为契机，加快推进关检融合，优化业务流程，大幅提高通关效率，努力实现今年通关时间再压缩1/3的目标。</p><p>胡春华来到常州市人力资源市场，调研当地劳动力培训、就业和劳动市场服务工作。他要求，要加大劳动力培训，更善于运用现代信息化手段，促进劳动力供需有效对接，努力让每一家企业都能找到需要的人才，每一位劳动者都能找到满意工作。</p><p>在座谈会上，胡春华强调，对外开放是我国长期坚持的基本国策。今年是改革开放40周年，对改革开放最好的纪念，就是要不断深化改革开放，把开放的大门越开越大。他要求，各地区和相关部门要把思想认识行动统一到党中央、国务院决策部署上来，扎实有序推进工作落实，确保完成全年工作目标任务。</p><p>（原题为《胡春华在江苏调研时强调，扎实抓好商务工作落实 推动形成全面开放新格局》）</div>
				<div class=""go_to_topic"">
							</div>"
李克强同安倍晋三举行会谈：推动中日关系重回正常轨道,"<div>
					<p>侯丽军、谭晶晶/新华社</p>
					<p>
							2018-05-09 16:47<span> </span>
					</p>
					</div><div class=""news_txt"" data-size=""standard""><p>新华社东京5月9日消息，当地时间5月9日下午，国务院总理李克强同日本首相安倍晋三举行会谈时强调，中日双方要恪守四个政治文件的原则和达成的共识，推动中日关系重回正常轨道。</p><p>李克强指出，中日是重要近邻和世界主要经济体，两国关系长期健康稳定发展，符合双方利益，也有利于地区乃至世界的和平稳定与繁荣。今年适逢中日和平友好条约缔结40周年，两国关系处于改善发展的关键阶段。双方要审时度势，重温条约精神，巩固政治基础，拓展友好合作，将互为合作伙伴、互不构成威胁的政治共识落实到位，推动两国关系重回正常轨道，实现长期健康稳定发展。</p><p>（原题为《李克强：推动中日关系重回正常轨道》）</div>
				<div class=""go_to_topic"">
							</div>

					
				
                    <br><hr><div>获取更多RSS：<br><a href=""https://feedx.net"" style=""color:orange"" target=""_blank"">https://feedx.net</a></div>"
安邦集团原董事长吴小晖一审获刑18年，没收财产105亿,"<div>
					<p>李文杰 张李彬/央视新闻客户端</p>
					<p>
							2018-05-10 10:02<span> </span>
					</p>
					</div><div class=""news_txt"" data-size=""standard""><p><div style=""text-align:center;""><img src=""https://feedx.net/rss/function/getimg.php?img=http://image.thepaper.cn/www/image/7/649/470.jpg"" height=""388"" width=""600"" style=""margin:0.7em 0"" /></div><span style=""color: margin:0 0 0.7em"">吴小晖 视觉中国 资料</span></p><p>10日，上海市第一中级人民法院对被告人吴小晖集资诈骗、职务侵占案进行一审公开宣判，对吴小晖以集资诈骗罪判处有期徒刑十五年，剥夺政治权利四年，并处没收财产人民币九十五亿元；以职务侵占罪判处有期徒刑十年，并处没收财产人民币十亿元，决定执行有期徒刑十八年，剥夺政治权利四年，并处没收财产人民币一百零五亿元，违法所得及其孳息予以追缴。 </p><p>经审理查明：被告人吴小晖隐瞒股权实控关系，以其个人实际控制的多家公司掌管安邦财产保险股份有限公司（以下简称安邦财险）、安邦集团股份有限公司（以下简称安邦集团），并先后担任安邦财险副董事长和安邦集团董事长、总经理等职。2011年1月起，吴小晖以安邦财险等公司为融资平台，指令他人使用虚假材料骗取原保监会批准和延续销售投资型保险产品。2011年7月至2017年1月，吴小晖指令他人采用制作虚假财务报表、披露虚假信息、虚假增资、虚构偿付能力、瞒报并隐匿保费收入等手段，欺骗监管机构和社会公众，以承诺还本付息且高于银行同期存款利率为诱饵，超过原保监会批准的规模向社会公众销售投资型保险产品非法吸收巨额资金。其间，吴小晖以虚假名义将部分超募保费转移至其个人实际控制的百余家公司，用于其个人归还公司债务、投资经营、向安邦集团增资等，至案发实际骗取652亿余元。此外，法院还查明，吴小晖利用职务便利非法侵占安邦财险保费资金100亿元。案发后，公安机关查封、冻结吴小晖及其个人实际控制的相关公司名下银行账户、房产、股权等资产。 </p><p>上海市第一中级人民法院认为，被告人吴小晖的行为构成集资诈骗罪和职务侵占罪，依法应当数罪并罚。法院根据被告人的犯罪事实、性质、情节和社会危害程度，依法作出上述判决。 </p><p>被告人亲属、新闻记者及各界群众代表等50余人旁听了宣判。 </p><p>67此前，上海市第一中级人民法院于2018年3月28日对吴小晖案进行了一审公开开庭审理。上海市一中院官方微博分段发布庭审要点摘录，公开了该案主要犯罪事实证据、公诉指控意见、被告人及其律师辩解等。</p><p>（原题《安邦集团原董事长吴小晖集资诈骗、职务侵占案一审公开宣判》）</div>
				<div class=""go_to_topic"">
							</div>"
白宫官员透露美朝领导人会晤地点为新加坡，双方团队正做准备,"<div>
					<p>@中国之声</p>
					<p>
							2018-05-10 07:48<span> </span>
					</p>
					</div><div class=""news_txt"" data-size=""standard""><p>676767据中国之声《新闻纵横》报道，白宫官员透露，美朝领导人会晤地点目前定在了新加坡，双方团队正在为会谈做准备。虽然总统特朗普本人曾经说希望在板门店朝韩非军事区会面，并成为第一个踏上朝鲜领土的现任美国总统，但是特朗普身边的团队其实一直更希望在新加坡会面，因为他们觉得新加坡是一个更中立的会面地点。美方会在三天之内正式宣布会面地点和时间。但我们知道，一切都有可能发生，美朝都出现过出尔反尔的情况。特朗普本人，以及朝鲜领导层都曾在最后时刻改变主意，比如冬奥会前一小时双方团队取消了副总统彭斯和朝鲜领导层的会面。但从目前来看，据美方透露，会谈的地点是新加坡。如果成行，这将是有史以来，现任美国总统和朝鲜领导人的第一次会晤。</p><p>美国总统特朗普透露，三名美国公民同国务卿蓬佩奥一起在返回美国的飞机上，特朗普本人和副总统彭斯将在7个小时之后的美国东部时间凌晨两点也就是北京下午2点去安德鲁斯空军机场亲自迎接。分析认为，特朗普也是希望在媒体的聚光灯下，炫耀一下自己的政绩。特朗普他对金正恩释放三名美国公民的做法表示称赞。据悉，三人身体状况良好，可以自行走上飞机。另外在谈到美国务卿蓬佩奥对朝鲜的第二次访问，美方说此行的目的是同朝鲜领导层敲定美朝首脑会的会谈框架，确保两国元首会的成功举行。蓬佩奥说，在解除对朝鲜的经济制裁之际，美方将要求朝鲜进行“全方位、可验证、不可逆”的无核化。他表示，美国和朝鲜此次不会重复过去那种双方都小心翼翼地“分阶段走小步子”的互动方式，两国元首都希望利用此次见面促成美朝军事安全关系的“历史性巨变”。目前美国的要价似乎已经比较明确，那朝鲜具体的要求还不是特别明晰，此前朝鲜领导人说要美国消除敌意，保证不威胁朝鲜政府的安全，但这具体指什么，是否允许美军在朝鲜半岛驻军，驻军的规模是多少，都还是未知。</p><p>（原题为《快讯：白宫官员透露：美朝领导人会晤地点为新加坡》）</div>
				<div class=""go_to_topic"">
							</div>"
空姐深夜打车进市区不幸被人杀害，凶手仍在潜逃警方正抓捕,"<div>
					<p>“都市报道”微信公号</p>
					<p>
							2018-05-09 21:26<span> </span>
					</p>
					</div><div class=""news_txt"" data-size=""standard""><p>李先生是山东济南人，他的女儿明珠今年21岁，是一名空姐。<div style=""text-align:center;""><img src=""https://feedx.net/rss/function/getimg.php?img=http://image.thepaper.cn/www/image/7/644/103.jpg"" width=""600"" height=""480"" style=""margin:0.7em 0"" /></div><span style=""color: margin:0 0 0.7em"">本文图片均来自“都市报道”微信公众号</p><p></span>5月6号早上，李先生给女儿打电话，但是一直没有打通。李先生的女儿明珠是两天前刚刚飞到郑州的，女儿联系不上，李先生十分着急，赶紧报了案。</p><p><div style=""text-align:center;""><img src=""https://feedx.net/rss/function/getimg.php?img=http://image.thepaper.cn/www/image/7/644/104.jpg"" width=""600"" height=""480"" style=""margin:0.7em 0"" /></div>李先生说，前天晚上，他的女儿在郑州航空港区搭乘了一辆汽车赶往市内，谁也没想到，再接到的竟是女儿出事的消息。</p><p><div style=""text-align:center;""><img src=""https://feedx.net/rss/function/getimg.php?img=http://image.thepaper.cn/www/image/7/644/105.jpg"" width=""600"" height=""480"" style=""margin:0.7em 0"" /></div>明珠刚参加工作不久，正值青春年华就遭此不幸。</p><p><div style=""text-align:center;""><img src=""https://feedx.net/rss/function/getimg.php?img=http://image.thepaper.cn/www/image/7/644/106.jpg"" width=""600"" height=""480"" style=""margin:0.7em 0"" /></div>记者从办案民警处了解到，目前凶手仍在潜逃，公安机关正在全力抓捕。</p><p>（原题为《空姐深夜打车进市，没想到却惨遭......》）</div>
				<div class=""go_to_topic"">
							</div>"
